model,file_path,scenario,noise_file,target_snr_db,duration_s,elapsed_s,rtf,text_chars,text_words,language,language_probability
small,/Users/argussun/Documents/Therfour/third_party/audio_quality_testing_samples/testaudio/16000/test01_20s.wav,clean,,,24.0,0.1254,0.0052,292,54,en,1.0
small,/Users/argussun/Documents/Therfour/third_party/audio_quality_testing_samples/testaudio/16000/test01_20s.wav,noise_combo_mixkit-city-traffic-background-ambience-2930_snr_0dB,benchmarks/ambient_noise/mixkit-city-traffic-background-ambience-2930.wav,0.0,24.0,0.0913,0.0038,340,69,en,1.0
small,/Users/argussun/Documents/Therfour/third_party/audio_quality_testing_samples/testaudio/16000/test01_20s.wav,noise_combo_mixkit-city-traffic-background-ambience-2930_snr_-5dB,benchmarks/ambient_noise/mixkit-city-traffic-background-ambience-2930.wav,-5.0,24.0,0.0605,0.0025,205,42,en,1.0
small,/Users/argussun/Documents/Therfour/third_party/audio_quality_testing_samples/testaudio/16000/test01_20s.wav,noise_combo_mixkit-city-traffic-background-ambience-2930_snr_-10dB,benchmarks/ambient_noise/mixkit-city-traffic-background-ambience-2930.wav,-10.0,24.0,0.0586,0.0024,52,10,en,1.0
small,/Users/argussun/Documents/Therfour/third_party/audio_quality_testing_samples/testaudio/16000/test01_20s.wav,noise_combo_mixkit-people-in-fair-ambience-and-laughter-368_snr_0dB,benchmarks/ambient_noise/mixkit-people-in-fair-ambience-and-laughter-368.wav,0.0,24.0,0.0615,0.0026,304,58,en,1.0
small,/Users/argussun/Documents/Therfour/third_party/audio_quality_testing_samples/testaudio/16000/test01_20s.wav,noise_combo_mixkit-people-in-fair-ambience-and-laughter-368_snr_-5dB,benchmarks/ambient_noise/mixkit-people-in-fair-ambience-and-laughter-368.wav,-5.0,24.0,0.0603,0.0025,238,47,en,1.0
small,/Users/argussun/Documents/Therfour/third_party/audio_quality_testing_samples/testaudio/16000/test01_20s.wav,noise_combo_mixkit-people-in-fair-ambience-and-laughter-368_snr_-10dB,benchmarks/ambient_noise/mixkit-people-in-fair-ambience-and-laughter-368.wav,-10.0,24.0,0.0577,0.0024,0,0,en,1.0
small,/Users/argussun/Documents/Therfour/third_party/audio_quality_testing_samples/testaudio/16000/test01_20s.wav,noise_combo_mixkit-restaurant-crowd-talking-ambience-444_snr_0dB,benchmarks/ambient_noise/mixkit-restaurant-crowd-talking-ambience-444.wav,0.0,24.0,0.0617,0.0026,285,57,en,1.0
small,/Users/argussun/Documents/Therfour/third_party/audio_quality_testing_samples/testaudio/16000/test01_20s.wav,noise_combo_mixkit-restaurant-crowd-talking-ambience-444_snr_-5dB,benchmarks/ambient_noise/mixkit-restaurant-crowd-talking-ambience-444.wav,-5.0,24.0,0.0602,0.0025,88,19,en,1.0
small,/Users/argussun/Documents/Therfour/third_party/audio_quality_testing_samples/testaudio/16000/test01_20s.wav,noise_combo_mixkit-restaurant-crowd-talking-ambience-444_snr_-10dB,benchmarks/ambient_noise/mixkit-restaurant-crowd-talking-ambience-444.wav,-10.0,24.0,0.0577,0.0024,0,0,en,1.0
small,/Users/argussun/Documents/Therfour/third_party/audio_quality_testing_samples/testaudio/16000/test01_20s.wav,noise_combo_mixkit-road-traffic-sound-2463_snr_0dB,benchmarks/ambient_noise/mixkit-road-traffic-sound-2463.wav,0.0,24.0,0.0613,0.0026,295,57,en,1.0
small,/Users/argussun/Documents/Therfour/third_party/audio_quality_testing_samples/testaudio/16000/test01_20s.wav,noise_combo_mixkit-road-traffic-sound-2463_snr_-5dB,benchmarks/ambient_noise/mixkit-road-traffic-sound-2463.wav,-5.0,24.0,0.0609,0.0025,310,60,en,1.0
small,/Users/argussun/Documents/Therfour/third_party/audio_quality_testing_samples/testaudio/16000/test01_20s.wav,noise_combo_mixkit-road-traffic-sound-2463_snr_-10dB,benchmarks/ambient_noise/mixkit-road-traffic-sound-2463.wav,-10.0,24.0,0.0585,0.0024,76,15,en,1.0
small,/Users/argussun/Documents/Therfour/third_party/audio_quality_testing_samples/testaudio/16000/test01_20s.wav,noise_combo_mixkit-urban-park-and-traffic-2932_snr_0dB,benchmarks/ambient_noise/mixkit-urban-park-and-traffic-2932.wav,0.0,24.0,0.0615,0.0026,300,58,en,1.0
small,/Users/argussun/Documents/Therfour/third_party/audio_quality_testing_samples/testaudio/16000/test01_20s.wav,noise_combo_mixkit-urban-park-and-traffic-2932_snr_-5dB,benchmarks/ambient_noise/mixkit-urban-park-and-traffic-2932.wav,-5.0,24.0,0.0614,0.0026,50,9,en,1.0
small,/Users/argussun/Documents/Therfour/third_party/audio_quality_testing_samples/testaudio/16000/test01_20s.wav,noise_combo_mixkit-urban-park-and-traffic-2932_snr_-10dB,benchmarks/ambient_noise/mixkit-urban-park-and-traffic-2932.wav,-10.0,24.0,0.0588,0.0024,106,22,en,1.0
small,/Users/argussun/Documents/Therfour/third_party/audio_quality_testing_samples/testaudio/16000/test01_20s.wav,noise_combo_mixkit-very-crowded-pub-or-party-loop-360_snr_0dB,benchmarks/ambient_noise/mixkit-very-crowded-pub-or-party-loop-360.wav,0.0,24.0,0.0615,0.0026,311,63,en,1.0
small,/Users/argussun/Documents/Therfour/third_party/audio_quality_testing_samples/testaudio/16000/test01_20s.wav,noise_combo_mixkit-very-crowded-pub-or-party-loop-360_snr_-5dB,benchmarks/ambient_noise/mixkit-very-crowded-pub-or-party-loop-360.wav,-5.0,24.0,0.0619,0.0026,308,66,en,1.0
small,/Users/argussun/Documents/Therfour/third_party/audio_quality_testing_samples/testaudio/16000/test01_20s.wav,noise_combo_mixkit-very-crowded-pub-or-party-loop-360_snr_-10dB,benchmarks/ambient_noise/mixkit-very-crowded-pub-or-party-loop-360.wav,-10.0,24.0,0.0584,0.0024,0,0,en,1.0
small,/Users/argussun/Documents/Therfour/third_party/audio_quality_testing_samples/testaudio/16000/test01_20s.wav,noise_combo_mixkit-city-traffic-background-ambience-2930+mixkit-people-in-fair-ambience-and-laughter-368_snr_0dB,benchmarks/ambient_noise/mixkit-city-traffic-background-ambience-2930.wav;benchmarks/ambient_noise/mixkit-people-in-fair-ambience-and-laughter-368.wav,0.0,24.0,0.0618,0.0026,296,60,en,1.0
small,/Users/argussun/Documents/Therfour/third_party/audio_quality_testing_samples/testaudio/16000/test01_20s.wav,noise_combo_mixkit-city-traffic-background-ambience-2930+mixkit-people-in-fair-ambience-and-laughter-368_snr_-5dB,benchmarks/ambient_noise/mixkit-city-traffic-background-ambience-2930.wav;benchmarks/ambient_noise/mixkit-people-in-fair-ambience-and-laughter-368.wav,-5.0,24.0,0.0849,0.0035,261,54,en,1.0
small,/Users/argussun/Documents/Therfour/third_party/audio_quality_testing_samples/testaudio/16000/test01_20s.wav,noise_combo_mixkit-city-traffic-background-ambience-2930+mixkit-people-in-fair-ambience-and-laughter-368_snr_-10dB,benchmarks/ambient_noise/mixkit-city-traffic-background-ambience-2930.wav;benchmarks/ambient_noise/mixkit-people-in-fair-ambience-and-laughter-368.wav,-10.0,24.0,0.0576,0.0024,10,2,en,1.0
small,/Users/argussun/Documents/Therfour/third_party/audio_quality_testing_samples/testaudio/16000/test01_20s.wav,noise_combo_mixkit-city-traffic-background-ambience-2930+mixkit-restaurant-crowd-talking-ambience-444_snr_0dB,benchmarks/ambient_noise/mixkit-city-traffic-background-ambience-2930.wav;benchmarks/ambient_noise/mixkit-restaurant-crowd-talking-ambience-444.wav,0.0,24.0,0.0616,0.0026,322,66,en,1.0
small,/Users/argussun/Documents/Therfour/third_party/audio_quality_testing_samples/testaudio/16000/test01_20s.wav,noise_combo_mixkit-city-traffic-background-ambience-2930+mixkit-restaurant-crowd-talking-ambience-444_snr_-5dB,benchmarks/ambient_noise/mixkit-city-traffic-background-ambience-2930.wav;benchmarks/ambient_noise/mixkit-restaurant-crowd-talking-ambience-444.wav,-5.0,24.0,0.0589,0.0025,109,23,en,1.0
small,/Users/argussun/Documents/Therfour/third_party/audio_quality_testing_samples/testaudio/16000/test01_20s.wav,noise_combo_mixkit-city-traffic-background-ambience-2930+mixkit-restaurant-crowd-talking-ambience-444_snr_-10dB,benchmarks/ambient_noise/mixkit-city-traffic-background-ambience-2930.wav;benchmarks/ambient_noise/mixkit-restaurant-crowd-talking-ambience-444.wav,-10.0,24.0,0.0576,0.0024,0,0,en,1.0
small,/Users/argussun/Documents/Therfour/third_party/audio_quality_testing_samples/testaudio/16000/test01_20s.wav,noise_combo_mixkit-city-traffic-background-ambience-2930+mixkit-road-traffic-sound-2463_snr_0dB,benchmarks/ambient_noise/mixkit-city-traffic-background-ambience-2930.wav;benchmarks/ambient_noise/mixkit-road-traffic-sound-2463.wav,0.0,24.0,0.0615,0.0026,334,64,en,1.0
small,/Users/argussun/Documents/Therfour/third_party/audio_quality_testing_samples/testaudio/16000/test01_20s.wav,noise_combo_mixkit-city-traffic-background-ambience-2930+mixkit-road-traffic-sound-2463_snr_-5dB,benchmarks/ambient_noise/mixkit-city-traffic-background-ambience-2930.wav;benchmarks/ambient_noise/mixkit-road-traffic-sound-2463.wav,-5.0,24.0,0.0609,0.0025,503,112,en,1.0
small,/Users/argussun/Documents/Therfour/third_party/audio_quality_testing_samples/testaudio/16000/test01_20s.wav,noise_combo_mixkit-city-traffic-background-ambience-2930+mixkit-road-traffic-sound-2463_snr_-10dB,benchmarks/ambient_noise/mixkit-city-traffic-background-ambience-2930.wav;benchmarks/ambient_noise/mixkit-road-traffic-sound-2463.wav,-10.0,24.0,0.0581,0.0024,40,8,en,1.0
small,/Users/argussun/Documents/Therfour/third_party/audio_quality_testing_samples/testaudio/16000/test01_20s.wav,noise_combo_mixkit-city-traffic-background-ambience-2930+mixkit-urban-park-and-traffic-2932_snr_0dB,benchmarks/ambient_noise/mixkit-city-traffic-background-ambience-2930.wav;benchmarks/ambient_noise/mixkit-urban-park-and-traffic-2932.wav,0.0,24.0,0.0616,0.0026,325,66,en,1.0
small,/Users/argussun/Documents/Therfour/third_party/audio_quality_testing_samples/testaudio/16000/test01_20s.wav,noise_combo_mixkit-city-traffic-background-ambience-2930+mixkit-urban-park-and-traffic-2932_snr_-5dB,benchmarks/ambient_noise/mixkit-city-traffic-background-ambience-2930.wav;benchmarks/ambient_noise/mixkit-urban-park-and-traffic-2932.wav,-5.0,24.0,0.0612,0.0026,101,18,en,1.0
small,/Users/argussun/Documents/Therfour/third_party/audio_quality_testing_samples/testaudio/16000/test01_20s.wav,noise_combo_mixkit-city-traffic-background-ambience-2930+mixkit-urban-park-and-traffic-2932_snr_-10dB,benchmarks/ambient_noise/mixkit-city-traffic-background-ambience-2930.wav;benchmarks/ambient_noise/mixkit-urban-park-and-traffic-2932.wav,-10.0,24.0,0.0591,0.0025,50,11,en,1.0
small,/Users/argussun/Documents/Therfour/third_party/audio_quality_testing_samples/testaudio/16000/test01_20s.wav,noise_combo_mixkit-city-traffic-background-ambience-2930+mixkit-very-crowded-pub-or-party-loop-360_snr_0dB,benchmarks/ambient_noise/mixkit-city-traffic-background-ambience-2930.wav;benchmarks/ambient_noise/mixkit-very-crowded-pub-or-party-loop-360.wav,0.0,24.0,0.0614,0.0026,339,69,en,1.0
small,/Users/argussun/Documents/Therfour/third_party/audio_quality_testing_samples/testaudio/16000/test01_20s.wav,noise_combo_mixkit-city-traffic-background-ambience-2930+mixkit-very-crowded-pub-or-party-loop-360_snr_-5dB,benchmarks/ambient_noise/mixkit-city-traffic-background-ambience-2930.wav;benchmarks/ambient_noise/mixkit-very-crowded-pub-or-party-loop-360.wav,-5.0,24.0,0.0613,0.0026,102,22,en,1.0
small,/Users/argussun/Documents/Therfour/third_party/audio_quality_testing_samples/testaudio/16000/test01_20s.wav,noise_combo_mixkit-city-traffic-background-ambience-2930+mixkit-very-crowded-pub-or-party-loop-360_snr_-10dB,benchmarks/ambient_noise/mixkit-city-traffic-background-ambience-2930.wav;benchmarks/ambient_noise/mixkit-very-crowded-pub-or-party-loop-360.wav,-10.0,24.0,0.0576,0.0024,0,0,en,1.0
small,/Users/argussun/Documents/Therfour/third_party/audio_quality_testing_samples/testaudio/16000/test01_20s.wav,noise_combo_mixkit-people-in-fair-ambience-and-laughter-368+mixkit-restaurant-crowd-talking-ambience-444_snr_0dB,benchmarks/ambient_noise/mixkit-people-in-fair-ambience-and-laughter-368.wav;benchmarks/ambient_noise/mixkit-restaurant-crowd-talking-ambience-444.wav,0.0,24.0,0.0617,0.0026,312,65,en,1.0
small,/Users/argussun/Documents/Therfour/third_party/audio_quality_testing_samples/testaudio/16000/test01_20s.wav,noise_combo_mixkit-people-in-fair-ambience-and-laughter-368+mixkit-restaurant-crowd-talking-ambience-444_snr_-5dB,benchmarks/ambient_noise/mixkit-people-in-fair-ambience-and-laughter-368.wav;benchmarks/ambient_noise/mixkit-restaurant-crowd-talking-ambience-444.wav,-5.0,24.0,0.0618,0.0026,251,51,en,1.0
small,/Users/argussun/Documents/Therfour/third_party/audio_quality_testing_samples/testaudio/16000/test01_20s.wav,noise_combo_mixkit-people-in-fair-ambience-and-laughter-368+mixkit-restaurant-crowd-talking-ambience-444_snr_-10dB,benchmarks/ambient_noise/mixkit-people-in-fair-ambience-and-laughter-368.wav;benchmarks/ambient_noise/mixkit-restaurant-crowd-talking-ambience-444.wav,-10.0,24.0,0.0577,0.0024,0,0,en,1.0
small,/Users/argussun/Documents/Therfour/third_party/audio_quality_testing_samples/testaudio/16000/test01_20s.wav,edge_very_low_speech,,,24.0,0.061,0.0025,291,54,en,1.0
small,/Users/argussun/Documents/Therfour/third_party/audio_quality_testing_samples/testaudio/16000/test01_20s.wav,edge_clipped,,,24.0,0.0615,0.0026,292,54,en,1.0
small,/Users/argussun/Documents/Therfour/third_party/audio_quality_testing_samples/testaudio/16000/test01_20s.wav,edge_leading_noise_2s,benchmarks/ambient_noise/mixkit-city-traffic-background-ambience-2930.wav,,26.0,0.0663,0.0025,291,54,en,1.0
small,/Users/argussun/Documents/Therfour/third_party/audio_quality_testing_samples/testaudio/44100/test01_20s.wav,clean,,,24.0,0.0618,0.0026,292,54,en,1.0
small,/Users/argussun/Documents/Therfour/third_party/audio_quality_testing_samples/testaudio/44100/test01_20s.wav,noise_combo_mixkit-city-traffic-background-ambience-2930_snr_0dB,benchmarks/ambient_noise/mixkit-city-traffic-background-ambience-2930.wav,0.0,24.0,0.0618,0.0026,334,65,en,1.0
small,/Users/argussun/Documents/Therfour/third_party/audio_quality_testing_samples/testaudio/44100/test01_20s.wav,noise_combo_mixkit-city-traffic-background-ambience-2930_snr_-5dB,benchmarks/ambient_noise/mixkit-city-traffic-background-ambience-2930.wav,-5.0,24.0,0.0623,0.0026,524,91,en,1.0
small,/Users/argussun/Documents/Therfour/third_party/audio_quality_testing_samples/testaudio/44100/test01_20s.wav,noise_combo_mixkit-city-traffic-background-ambience-2930_snr_-10dB,benchmarks/ambient_noise/mixkit-city-traffic-background-ambience-2930.wav,-10.0,24.0,0.0587,0.0024,52,10,en,1.0
small,/Users/argussun/Documents/Therfour/third_party/audio_quality_testing_samples/testaudio/44100/test01_20s.wav,noise_combo_mixkit-people-in-fair-ambience-and-laughter-368_snr_0dB,benchmarks/ambient_noise/mixkit-people-in-fair-ambience-and-laughter-368.wav,0.0,24.0,0.0625,0.0026,292,56,en,1.0
small,/Users/argussun/Documents/Therfour/third_party/audio_quality_testing_samples/testaudio/44100/test01_20s.wav,noise_combo_mixkit-people-in-fair-ambience-and-laughter-368_snr_-5dB,benchmarks/ambient_noise/mixkit-people-in-fair-ambience-and-laughter-368.wav,-5.0,24.0,0.0607,0.0025,178,34,en,1.0
small,/Users/argussun/Documents/Therfour/third_party/audio_quality_testing_samples/testaudio/44100/test01_20s.wav,noise_combo_mixkit-people-in-fair-ambience-and-laughter-368_snr_-10dB,benchmarks/ambient_noise/mixkit-people-in-fair-ambience-and-laughter-368.wav,-10.0,24.0,0.0584,0.0024,0,0,en,1.0
small,/Users/argussun/Documents/Therfour/third_party/audio_quality_testing_samples/testaudio/44100/test01_20s.wav,noise_combo_mixkit-restaurant-crowd-talking-ambience-444_snr_0dB,benchmarks/ambient_noise/mixkit-restaurant-crowd-talking-ambience-444.wav,0.0,24.0,0.0628,0.0026,297,58,en,1.0
small,/Users/argussun/Documents/Therfour/third_party/audio_quality_testing_samples/testaudio/44100/test01_20s.wav,noise_combo_mixkit-restaurant-crowd-talking-ambience-444_snr_-5dB,benchmarks/ambient_noise/mixkit-restaurant-crowd-talking-ambience-444.wav,-5.0,24.0,0.0682,0.0028,86,18,en,1.0
small,/Users/argussun/Documents/Therfour/third_party/audio_quality_testing_samples/testaudio/44100/test01_20s.wav,noise_combo_mixkit-restaurant-crowd-talking-ambience-444_snr_-10dB,benchmarks/ambient_noise/mixkit-restaurant-crowd-talking-ambience-444.wav,-10.0,24.0,0.0583,0.0024,0,0,en,1.0
small,/Users/argussun/Documents/Therfour/third_party/audio_quality_testing_samples/testaudio/44100/test01_20s.wav,noise_combo_mixkit-road-traffic-sound-2463_snr_0dB,benchmarks/ambient_noise/mixkit-road-traffic-sound-2463.wav,0.0,24.0,0.0614,0.0026,300,60,en,1.0
small,/Users/argussun/Documents/Therfour/third_party/audio_quality_testing_samples/testaudio/44100/test01_20s.wav,noise_combo_mixkit-road-traffic-sound-2463_snr_-5dB,benchmarks/ambient_noise/mixkit-road-traffic-sound-2463.wav,-5.0,24.0,0.0616,0.0026,298,58,en,1.0
small,/Users/argussun/Documents/Therfour/third_party/audio_quality_testing_samples/testaudio/44100/test01_20s.wav,noise_combo_mixkit-road-traffic-sound-2463_snr_-10dB,benchmarks/ambient_noise/mixkit-road-traffic-sound-2463.wav,-10.0,24.0,0.061,0.0025,73,14,en,1.0
small,/Users/argussun/Documents/Therfour/third_party/audio_quality_testing_samples/testaudio/44100/test01_20s.wav,noise_combo_mixkit-urban-park-and-traffic-2932_snr_0dB,benchmarks/ambient_noise/mixkit-urban-park-and-traffic-2932.wav,0.0,24.0,0.0628,0.0026,289,56,en,1.0
small,/Users/argussun/Documents/Therfour/third_party/audio_quality_testing_samples/testaudio/44100/test01_20s.wav,noise_combo_mixkit-urban-park-and-traffic-2932_snr_-5dB,benchmarks/ambient_noise/mixkit-urban-park-and-traffic-2932.wav,-5.0,24.0,0.0625,0.0026,286,56,en,1.0
small,/Users/argussun/Documents/Therfour/third_party/audio_quality_testing_samples/testaudio/44100/test01_20s.wav,noise_combo_mixkit-urban-park-and-traffic-2932_snr_-10dB,benchmarks/ambient_noise/mixkit-urban-park-and-traffic-2932.wav,-10.0,24.0,0.0618,0.0026,67,16,en,1.0
small,/Users/argussun/Documents/Therfour/third_party/audio_quality_testing_samples/testaudio/44100/test01_20s.wav,noise_combo_mixkit-very-crowded-pub-or-party-loop-360_snr_0dB,benchmarks/ambient_noise/mixkit-very-crowded-pub-or-party-loop-360.wav,0.0,24.0,0.0632,0.0026,307,61,en,1.0
small,/Users/argussun/Documents/Therfour/third_party/audio_quality_testing_samples/testaudio/44100/test01_20s.wav,noise_combo_mixkit-very-crowded-pub-or-party-loop-360_snr_-5dB,benchmarks/ambient_noise/mixkit-very-crowded-pub-or-party-loop-360.wav,-5.0,24.0,0.0651,0.0027,149,32,en,1.0
small,/Users/argussun/Documents/Therfour/third_party/audio_quality_testing_samples/testaudio/44100/test01_20s.wav,noise_combo_mixkit-very-crowded-pub-or-party-loop-360_snr_-10dB,benchmarks/ambient_noise/mixkit-very-crowded-pub-or-party-loop-360.wav,-10.0,24.0,0.0629,0.0026,97,18,en,1.0
small,/Users/argussun/Documents/Therfour/third_party/audio_quality_testing_samples/testaudio/44100/test01_20s.wav,noise_combo_mixkit-city-traffic-background-ambience-2930+mixkit-people-in-fair-ambience-and-laughter-368_snr_0dB,benchmarks/ambient_noise/mixkit-city-traffic-background-ambience-2930.wav;benchmarks/ambient_noise/mixkit-people-in-fair-ambience-and-laughter-368.wav,0.0,24.0,0.0643,0.0027,336,66,en,1.0
small,/Users/argussun/Documents/Therfour/third_party/audio_quality_testing_samples/testaudio/44100/test01_20s.wav,noise_combo_mixkit-city-traffic-background-ambience-2930+mixkit-people-in-fair-ambience-and-laughter-368_snr_-5dB,benchmarks/ambient_noise/mixkit-city-traffic-background-ambience-2930.wav;benchmarks/ambient_noise/mixkit-people-in-fair-ambience-and-laughter-368.wav,-5.0,24.0,0.0657,0.0027,190,42,en,1.0
small,/Users/argussun/Documents/Therfour/third_party/audio_quality_testing_samples/testaudio/44100/test01_20s.wav,noise_combo_mixkit-city-traffic-background-ambience-2930+mixkit-people-in-fair-ambience-and-laughter-368_snr_-10dB,benchmarks/ambient_noise/mixkit-city-traffic-background-ambience-2930.wav;benchmarks/ambient_noise/mixkit-people-in-fair-ambience-and-laughter-368.wav,-10.0,24.0,0.0596,0.0025,38,8,en,1.0
small,/Users/argussun/Documents/Therfour/third_party/audio_quality_testing_samples/testaudio/44100/test01_20s.wav,noise_combo_mixkit-city-traffic-background-ambience-2930+mixkit-restaurant-crowd-talking-ambience-444_snr_0dB,benchmarks/ambient_noise/mixkit-city-traffic-background-ambience-2930.wav;benchmarks/ambient_noise/mixkit-restaurant-crowd-talking-ambience-444.wav,0.0,24.0,0.0639,0.0027,318,64,en,1.0
small,/Users/argussun/Documents/Therfour/third_party/audio_quality_testing_samples/testaudio/44100/test01_20s.wav,noise_combo_mixkit-city-traffic-background-ambience-2930+mixkit-restaurant-crowd-talking-ambience-444_snr_-5dB,benchmarks/ambient_noise/mixkit-city-traffic-background-ambience-2930.wav;benchmarks/ambient_noise/mixkit-restaurant-crowd-talking-ambience-444.wav,-5.0,24.0,0.0626,0.0026,95,19,en,1.0
small,/Users/argussun/Documents/Therfour/third_party/audio_quality_testing_samples/testaudio/44100/test01_20s.wav,noise_combo_mixkit-city-traffic-background-ambience-2930+mixkit-restaurant-crowd-talking-ambience-444_snr_-10dB,benchmarks/ambient_noise/mixkit-city-traffic-background-ambience-2930.wav;benchmarks/ambient_noise/mixkit-restaurant-crowd-talking-ambience-444.wav,-10.0,24.0,0.0606,0.0025,0,0,en,1.0
small,/Users/argussun/Documents/Therfour/third_party/audio_quality_testing_samples/testaudio/44100/test01_20s.wav,noise_combo_mixkit-city-traffic-background-ambience-2930+mixkit-road-traffic-sound-2463_snr_0dB,benchmarks/ambient_noise/mixkit-city-traffic-background-ambience-2930.wav;benchmarks/ambient_noise/mixkit-road-traffic-sound-2463.wav,0.0,24.0,0.0662,0.0028,305,59,en,1.0
small,/Users/argussun/Documents/Therfour/third_party/audio_quality_testing_samples/testaudio/44100/test01_20s.wav,noise_combo_mixkit-city-traffic-background-ambience-2930+mixkit-road-traffic-sound-2463_snr_-5dB,benchmarks/ambient_noise/mixkit-city-traffic-background-ambience-2930.wav;benchmarks/ambient_noise/mixkit-road-traffic-sound-2463.wav,-5.0,24.0,0.0637,0.0027,439,99,en,1.0
small,/Users/argussun/Documents/Therfour/third_party/audio_quality_testing_samples/testaudio/44100/test01_20s.wav,noise_combo_mixkit-city-traffic-background-ambience-2930+mixkit-road-traffic-sound-2463_snr_-10dB,benchmarks/ambient_noise/mixkit-city-traffic-background-ambience-2930.wav;benchmarks/ambient_noise/mixkit-road-traffic-sound-2463.wav,-10.0,24.0,0.0611,0.0025,40,8,en,1.0
small,/Users/argussun/Documents/Therfour/third_party/audio_quality_testing_samples/testaudio/44100/test01_20s.wav,noise_combo_mixkit-city-traffic-background-ambience-2930+mixkit-urban-park-and-traffic-2932_snr_0dB,benchmarks/ambient_noise/mixkit-city-traffic-background-ambience-2930.wav;benchmarks/ambient_noise/mixkit-urban-park-and-traffic-2932.wav,0.0,24.0,0.0654,0.0027,321,63,en,1.0
small,/Users/argussun/Documents/Therfour/third_party/audio_quality_testing_samples/testaudio/44100/test01_20s.wav,noise_combo_mixkit-city-traffic-background-ambience-2930+mixkit-urban-park-and-traffic-2932_snr_-5dB,benchmarks/ambient_noise/mixkit-city-traffic-background-ambience-2930.wav;benchmarks/ambient_noise/mixkit-urban-park-and-traffic-2932.wav,-5.0,24.0,0.0666,0.0028,112,23,en,1.0
small,/Users/argussun/Documents/Therfour/third_party/audio_quality_testing_samples/testaudio/44100/test01_20s.wav,noise_combo_mixkit-city-traffic-background-ambience-2930+mixkit-urban-park-and-traffic-2932_snr_-10dB,benchmarks/ambient_noise/mixkit-city-traffic-background-ambience-2930.wav;benchmarks/ambient_noise/mixkit-urban-park-and-traffic-2932.wav,-10.0,24.0,0.0644,0.0027,43,9,en,1.0
small,/Users/argussun/Documents/Therfour/third_party/audio_quality_testing_samples/testaudio/44100/test01_20s.wav,noise_combo_mixkit-city-traffic-background-ambience-2930+mixkit-very-crowded-pub-or-party-loop-360_snr_0dB,benchmarks/ambient_noise/mixkit-city-traffic-background-ambience-2930.wav;benchmarks/ambient_noise/mixkit-very-crowded-pub-or-party-loop-360.wav,0.0,24.0,0.0663,0.0028,318,63,en,1.0
small,/Users/argussun/Documents/Therfour/third_party/audio_quality_testing_samples/testaudio/44100/test01_20s.wav,noise_combo_mixkit-city-traffic-background-ambience-2930+mixkit-very-crowded-pub-or-party-loop-360_snr_-5dB,benchmarks/ambient_noise/mixkit-city-traffic-background-ambience-2930.wav;benchmarks/ambient_noise/mixkit-very-crowded-pub-or-party-loop-360.wav,-5.0,24.0,0.0625,0.0026,107,21,en,1.0
small,/Users/argussun/Documents/Therfour/third_party/audio_quality_testing_samples/testaudio/44100/test01_20s.wav,noise_combo_mixkit-city-traffic-background-ambience-2930+mixkit-very-crowded-pub-or-party-loop-360_snr_-10dB,benchmarks/ambient_noise/mixkit-city-traffic-background-ambience-2930.wav;benchmarks/ambient_noise/mixkit-very-crowded-pub-or-party-loop-360.wav,-10.0,24.0,0.0597,0.0025,0,0,en,1.0
small,/Users/argussun/Documents/Therfour/third_party/audio_quality_testing_samples/testaudio/44100/test01_20s.wav,noise_combo_mixkit-people-in-fair-ambience-and-laughter-368+mixkit-restaurant-crowd-talking-ambience-444_snr_0dB,benchmarks/ambient_noise/mixkit-people-in-fair-ambience-and-laughter-368.wav;benchmarks/ambient_noise/mixkit-restaurant-crowd-talking-ambience-444.wav,0.0,24.0,0.0641,0.0027,279,56,en,1.0
small,/Users/argussun/Documents/Therfour/third_party/audio_quality_testing_samples/testaudio/44100/test01_20s.wav,noise_combo_mixkit-people-in-fair-ambience-and-laughter-368+mixkit-restaurant-crowd-talking-ambience-444_snr_-5dB,benchmarks/ambient_noise/mixkit-people-in-fair-ambience-and-laughter-368.wav;benchmarks/ambient_noise/mixkit-restaurant-crowd-talking-ambience-444.wav,-5.0,24.0,0.0651,0.0027,234,52,en,1.0
small,/Users/argussun/Documents/Therfour/third_party/audio_quality_testing_samples/testaudio/44100/test01_20s.wav,noise_combo_mixkit-people-in-fair-ambience-and-laughter-368+mixkit-restaurant-crowd-talking-ambience-444_snr_-10dB,benchmarks/ambient_noise/mixkit-people-in-fair-ambience-and-laughter-368.wav;benchmarks/ambient_noise/mixkit-restaurant-crowd-talking-ambience-444.wav,-10.0,24.0,0.0606,0.0025,0,0,en,1.0
small,/Users/argussun/Documents/Therfour/third_party/audio_quality_testing_samples/testaudio/44100/test01_20s.wav,edge_very_low_speech,,,24.0,0.0606,0.0025,291,54,en,1.0
small,/Users/argussun/Documents/Therfour/third_party/audio_quality_testing_samples/testaudio/44100/test01_20s.wav,edge_clipped,,,24.0,0.0637,0.0027,292,54,en,1.0
small,/Users/argussun/Documents/Therfour/third_party/audio_quality_testing_samples/testaudio/44100/test01_20s.wav,edge_leading_noise_2s,benchmarks/ambient_noise/mixkit-city-traffic-background-ambience-2930.wav,,26.0,0.072,0.0028,291,54,en,1.0
small,/Users/argussun/Documents/Therfour/third_party/audio_quality_testing_samples/testaudio/48000/test01_20s.wav,clean,,,24.0,0.0614,0.0026,292,54,en,1.0
small,/Users/argussun/Documents/Therfour/third_party/audio_quality_testing_samples/testaudio/48000/test01_20s.wav,noise_combo_mixkit-city-traffic-background-ambience-2930_snr_0dB,benchmarks/ambient_noise/mixkit-city-traffic-background-ambience-2930.wav,0.0,24.0,0.0638,0.0027,294,55,en,1.0
small,/Users/argussun/Documents/Therfour/third_party/audio_quality_testing_samples/testaudio/48000/test01_20s.wav,noise_combo_mixkit-city-traffic-background-ambience-2930_snr_-5dB,benchmarks/ambient_noise/mixkit-city-traffic-background-ambience-2930.wav,-5.0,24.0,0.0641,0.0027,171,31,en,1.0
small,/Users/argussun/Documents/Therfour/third_party/audio_quality_testing_samples/testaudio/48000/test01_20s.wav,noise_combo_mixkit-city-traffic-background-ambience-2930_snr_-10dB,benchmarks/ambient_noise/mixkit-city-traffic-background-ambience-2930.wav,-10.0,24.0,0.0613,0.0026,46,9,en,1.0
small,/Users/argussun/Documents/Therfour/third_party/audio_quality_testing_samples/testaudio/48000/test01_20s.wav,noise_combo_mixkit-people-in-fair-ambience-and-laughter-368_snr_0dB,benchmarks/ambient_noise/mixkit-people-in-fair-ambience-and-laughter-368.wav,0.0,24.0,0.0674,0.0028,296,59,en,1.0
small,/Users/argussun/Documents/Therfour/third_party/audio_quality_testing_samples/testaudio/48000/test01_20s.wav,noise_combo_mixkit-people-in-fair-ambience-and-laughter-368_snr_-5dB,benchmarks/ambient_noise/mixkit-people-in-fair-ambience-and-laughter-368.wav,-5.0,24.0,0.0628,0.0026,207,41,en,1.0
small,/Users/argussun/Documents/Therfour/third_party/audio_quality_testing_samples/testaudio/48000/test01_20s.wav,noise_combo_mixkit-people-in-fair-ambience-and-laughter-368_snr_-10dB,benchmarks/ambient_noise/mixkit-people-in-fair-ambience-and-laughter-368.wav,-10.0,24.0,0.0605,0.0025,0,0,en,1.0
small,/Users/argussun/Documents/Therfour/third_party/audio_quality_testing_samples/testaudio/48000/test01_20s.wav,noise_combo_mixkit-restaurant-crowd-talking-ambience-444_snr_0dB,benchmarks/ambient_noise/mixkit-restaurant-crowd-talking-ambience-444.wav,0.0,24.0,0.0658,0.0027,275,55,en,1.0
small,/Users/argussun/Documents/Therfour/third_party/audio_quality_testing_samples/testaudio/48000/test01_20s.wav,noise_combo_mixkit-restaurant-crowd-talking-ambience-444_snr_-5dB,benchmarks/ambient_noise/mixkit-restaurant-crowd-talking-ambience-444.wav,-5.0,24.0,0.0646,0.0027,75,17,en,1.0
small,/Users/argussun/Documents/Therfour/third_party/audio_quality_testing_samples/testaudio/48000/test01_20s.wav,noise_combo_mixkit-restaurant-crowd-talking-ambience-444_snr_-10dB,benchmarks/ambient_noise/mixkit-restaurant-crowd-talking-ambience-444.wav,-10.0,24.0,0.0598,0.0025,0,0,en,1.0
small,/Users/argussun/Documents/Therfour/third_party/audio_quality_testing_samples/testaudio/48000/test01_20s.wav,noise_combo_mixkit-road-traffic-sound-2463_snr_0dB,benchmarks/ambient_noise/mixkit-road-traffic-sound-2463.wav,0.0,24.0,0.0621,0.0026,296,59,en,1.0
small,/Users/argussun/Documents/Therfour/third_party/audio_quality_testing_samples/testaudio/48000/test01_20s.wav,noise_combo_mixkit-road-traffic-sound-2463_snr_-5dB,benchmarks/ambient_noise/mixkit-road-traffic-sound-2463.wav,-5.0,24.0,0.0644,0.0027,308,60,en,1.0
small,/Users/argussun/Documents/Therfour/third_party/audio_quality_testing_samples/testaudio/48000/test01_20s.wav,noise_combo_mixkit-road-traffic-sound-2463_snr_-10dB,benchmarks/ambient_noise/mixkit-road-traffic-sound-2463.wav,-10.0,24.0,0.063,0.0026,74,14,en,1.0
small,/Users/argussun/Documents/Therfour/third_party/audio_quality_testing_samples/testaudio/48000/test01_20s.wav,noise_combo_mixkit-urban-park-and-traffic-2932_snr_0dB,benchmarks/ambient_noise/mixkit-urban-park-and-traffic-2932.wav,0.0,24.0,0.067,0.0028,289,52,en,1.0
small,/Users/argussun/Documents/Therfour/third_party/audio_quality_testing_samples/testaudio/48000/test01_20s.wav,noise_combo_mixkit-urban-park-and-traffic-2932_snr_-5dB,benchmarks/ambient_noise/mixkit-urban-park-and-traffic-2932.wav,-5.0,24.0,0.0659,0.0027,282,52,en,1.0
small,/Users/argussun/Documents/Therfour/third_party/audio_quality_testing_samples/testaudio/48000/test01_20s.wav,noise_combo_mixkit-urban-park-and-traffic-2932_snr_-10dB,benchmarks/ambient_noise/mixkit-urban-park-and-traffic-2932.wav,-10.0,24.0,0.0648,0.0027,81,15,en,1.0
small,/Users/argussun/Documents/Therfour/third_party/audio_quality_testing_samples/testaudio/48000/test01_20s.wav,noise_combo_mixkit-very-crowded-pub-or-party-loop-360_snr_0dB,benchmarks/ambient_noise/mixkit-very-crowded-pub-or-party-loop-360.wav,0.0,24.0,0.0641,0.0027,276,58,en,1.0
small,/Users/argussun/Documents/Therfour/third_party/audio_quality_testing_samples/testaudio/48000/test01_20s.wav,noise_combo_mixkit-very-crowded-pub-or-party-loop-360_snr_-5dB,benchmarks/ambient_noise/mixkit-very-crowded-pub-or-party-loop-360.wav,-5.0,24.0,0.066,0.0027,290,66,en,1.0
small,/Users/argussun/Documents/Therfour/third_party/audio_quality_testing_samples/testaudio/48000/test01_20s.wav,noise_combo_mixkit-very-crowded-pub-or-party-loop-360_snr_-10dB,benchmarks/ambient_noise/mixkit-very-crowded-pub-or-party-loop-360.wav,-10.0,24.0,0.0621,0.0026,97,18,en,1.0
small,/Users/argussun/Documents/Therfour/third_party/audio_quality_testing_samples/testaudio/48000/test01_20s.wav,noise_combo_mixkit-city-traffic-background-ambience-2930+mixkit-people-in-fair-ambience-and-laughter-368_snr_0dB,benchmarks/ambient_noise/mixkit-city-traffic-background-ambience-2930.wav;benchmarks/ambient_noise/mixkit-people-in-fair-ambience-and-laughter-368.wav,0.0,24.0,0.0679,0.0028,296,56,en,1.0
small,/Users/argussun/Documents/Therfour/third_party/audio_quality_testing_samples/testaudio/48000/test01_20s.wav,noise_combo_mixkit-city-traffic-background-ambience-2930+mixkit-people-in-fair-ambience-and-laughter-368_snr_-5dB,benchmarks/ambient_noise/mixkit-city-traffic-background-ambience-2930.wav;benchmarks/ambient_noise/mixkit-people-in-fair-ambience-and-laughter-368.wav,-5.0,24.0,0.0659,0.0027,181,36,en,1.0
small,/Users/argussun/Documents/Therfour/third_party/audio_quality_testing_samples/testaudio/48000/test01_20s.wav,noise_combo_mixkit-city-traffic-background-ambience-2930+mixkit-people-in-fair-ambience-and-laughter-368_snr_-10dB,benchmarks/ambient_noise/mixkit-city-traffic-background-ambience-2930.wav;benchmarks/ambient_noise/mixkit-people-in-fair-ambience-and-laughter-368.wav,-10.0,24.0,0.0651,0.0027,38,6,en,1.0
small,/Users/argussun/Documents/Therfour/third_party/audio_quality_testing_samples/testaudio/48000/test01_20s.wav,noise_combo_mixkit-city-traffic-background-ambience-2930+mixkit-restaurant-crowd-talking-ambience-444_snr_0dB,benchmarks/ambient_noise/mixkit-city-traffic-background-ambience-2930.wav;benchmarks/ambient_noise/mixkit-restaurant-crowd-talking-ambience-444.wav,0.0,24.0,0.0663,0.0028,323,66,en,1.0
small,/Users/argussun/Documents/Therfour/third_party/audio_quality_testing_samples/testaudio/48000/test01_20s.wav,noise_combo_mixkit-city-traffic-background-ambience-2930+mixkit-restaurant-crowd-talking-ambience-444_snr_-5dB,benchmarks/ambient_noise/mixkit-city-traffic-background-ambience-2930.wav;benchmarks/ambient_noise/mixkit-restaurant-crowd-talking-ambience-444.wav,-5.0,24.0,0.0647,0.0027,113,21,en,1.0
small,/Users/argussun/Documents/Therfour/third_party/audio_quality_testing_samples/testaudio/48000/test01_20s.wav,noise_combo_mixkit-city-traffic-background-ambience-2930+mixkit-restaurant-crowd-talking-ambience-444_snr_-10dB,benchmarks/ambient_noise/mixkit-city-traffic-background-ambience-2930.wav;benchmarks/ambient_noise/mixkit-restaurant-crowd-talking-ambience-444.wav,-10.0,24.0,0.0642,0.0027,0,0,en,1.0
small,/Users/argussun/Documents/Therfour/third_party/audio_quality_testing_samples/testaudio/48000/test01_20s.wav,noise_combo_mixkit-city-traffic-background-ambience-2930+mixkit-road-traffic-sound-2463_snr_0dB,benchmarks/ambient_noise/mixkit-city-traffic-background-ambience-2930.wav;benchmarks/ambient_noise/mixkit-road-traffic-sound-2463.wav,0.0,24.0,0.0666,0.0028,319,62,en,1.0
small,/Users/argussun/Documents/Therfour/third_party/audio_quality_testing_samples/testaudio/48000/test01_20s.wav,noise_combo_mixkit-city-traffic-background-ambience-2930+mixkit-road-traffic-sound-2463_snr_-5dB,benchmarks/ambient_noise/mixkit-city-traffic-background-ambience-2930.wav;benchmarks/ambient_noise/mixkit-road-traffic-sound-2463.wav,-5.0,24.0,0.066,0.0027,439,99,en,1.0
small,/Users/argussun/Documents/Therfour/third_party/audio_quality_testing_samples/testaudio/48000/test01_20s.wav,noise_combo_mixkit-city-traffic-background-ambience-2930+mixkit-road-traffic-sound-2463_snr_-10dB,benchmarks/ambient_noise/mixkit-city-traffic-background-ambience-2930.wav;benchmarks/ambient_noise/mixkit-road-traffic-sound-2463.wav,-10.0,24.0,0.0619,0.0026,40,8,en,1.0
small,/Users/argussun/Documents/Therfour/third_party/audio_quality_testing_samples/testaudio/48000/test01_20s.wav,noise_combo_mixkit-city-traffic-background-ambience-2930+mixkit-urban-park-and-traffic-2932_snr_0dB,benchmarks/ambient_noise/mixkit-city-traffic-background-ambience-2930.wav;benchmarks/ambient_noise/mixkit-urban-park-and-traffic-2932.wav,0.0,24.0,0.0681,0.0028,335,64,en,1.0
small,/Users/argussun/Documents/Therfour/third_party/audio_quality_testing_samples/testaudio/48000/test01_20s.wav,noise_combo_mixkit-city-traffic-background-ambience-2930+mixkit-urban-park-and-traffic-2932_snr_-5dB,benchmarks/ambient_noise/mixkit-city-traffic-background-ambience-2930.wav;benchmarks/ambient_noise/mixkit-urban-park-and-traffic-2932.wav,-5.0,24.0,0.0675,0.0028,120,23,en,1.0
small,/Users/argussun/Documents/Therfour/third_party/audio_quality_testing_samples/testaudio/48000/test01_20s.wav,noise_combo_mixkit-city-traffic-background-ambience-2930+mixkit-urban-park-and-traffic-2932_snr_-10dB,benchmarks/ambient_noise/mixkit-city-traffic-background-ambience-2930.wav;benchmarks/ambient_noise/mixkit-urban-park-and-traffic-2932.wav,-10.0,24.0,0.0629,0.0026,43,9,en,1.0
small,/Users/argussun/Documents/Therfour/third_party/audio_quality_testing_samples/testaudio/48000/test01_20s.wav,noise_combo_mixkit-city-traffic-background-ambience-2930+mixkit-very-crowded-pub-or-party-loop-360_snr_0dB,benchmarks/ambient_noise/mixkit-city-traffic-background-ambience-2930.wav;benchmarks/ambient_noise/mixkit-very-crowded-pub-or-party-loop-360.wav,0.0,24.0,0.0653,0.0027,308,64,en,1.0
small,/Users/argussun/Documents/Therfour/third_party/audio_quality_testing_samples/testaudio/48000/test01_20s.wav,noise_combo_mixkit-city-traffic-background-ambience-2930+mixkit-very-crowded-pub-or-party-loop-360_snr_-5dB,benchmarks/ambient_noise/mixkit-city-traffic-background-ambience-2930.wav;benchmarks/ambient_noise/mixkit-very-crowded-pub-or-party-loop-360.wav,-5.0,24.0,0.0642,0.0027,100,20,en,1.0
small,/Users/argussun/Documents/Therfour/third_party/audio_quality_testing_samples/testaudio/48000/test01_20s.wav,noise_combo_mixkit-city-traffic-background-ambience-2930+mixkit-very-crowded-pub-or-party-loop-360_snr_-10dB,benchmarks/ambient_noise/mixkit-city-traffic-background-ambience-2930.wav;benchmarks/ambient_noise/mixkit-very-crowded-pub-or-party-loop-360.wav,-10.0,24.0,0.0632,0.0026,0,0,en,1.0
small,/Users/argussun/Documents/Therfour/third_party/audio_quality_testing_samples/testaudio/48000/test01_20s.wav,noise_combo_mixkit-people-in-fair-ambience-and-laughter-368+mixkit-restaurant-crowd-talking-ambience-444_snr_0dB,benchmarks/ambient_noise/mixkit-people-in-fair-ambience-and-laughter-368.wav;benchmarks/ambient_noise/mixkit-restaurant-crowd-talking-ambience-444.wav,0.0,24.0,0.0671,0.0028,321,63,en,1.0
small,/Users/argussun/Documents/Therfour/third_party/audio_quality_testing_samples/testaudio/48000/test01_20s.wav,noise_combo_mixkit-people-in-fair-ambience-and-laughter-368+mixkit-restaurant-crowd-talking-ambience-444_snr_-5dB,benchmarks/ambient_noise/mixkit-people-in-fair-ambience-and-laughter-368.wav;benchmarks/ambient_noise/mixkit-restaurant-crowd-talking-ambience-444.wav,-5.0,24.0,0.0653,0.0027,308,64,en,1.0
small,/Users/argussun/Documents/Therfour/third_party/audio_quality_testing_samples/testaudio/48000/test01_20s.wav,noise_combo_mixkit-people-in-fair-ambience-and-laughter-368+mixkit-restaurant-crowd-talking-ambience-444_snr_-10dB,benchmarks/ambient_noise/mixkit-people-in-fair-ambience-and-laughter-368.wav;benchmarks/ambient_noise/mixkit-restaurant-crowd-talking-ambience-444.wav,-10.0,24.0,0.0617,0.0026,0,0,en,1.0
small,/Users/argussun/Documents/Therfour/third_party/audio_quality_testing_samples/testaudio/48000/test01_20s.wav,edge_very_low_speech,,,24.0,0.0669,0.0028,291,54,en,1.0
small,/Users/argussun/Documents/Therfour/third_party/audio_quality_testing_samples/testaudio/48000/test01_20s.wav,edge_clipped,,,24.0,0.0661,0.0028,292,54,en,1.0
small,/Users/argussun/Documents/Therfour/third_party/audio_quality_testing_samples/testaudio/48000/test01_20s.wav,edge_leading_noise_2s,benchmarks/ambient_noise/mixkit-city-traffic-background-ambience-2930.wav,,26.0,0.0723,0.0028,291,54,en,1.0
small,/Users/argussun/Documents/Therfour/third_party/audio_quality_testing_samples/testaudio/8000/test01_20s.wav,clean,,,24.0,0.0611,0.0025,292,54,en,1.0
small,/Users/argussun/Documents/Therfour/third_party/audio_quality_testing_samples/testaudio/8000/test01_20s.wav,noise_combo_mixkit-city-traffic-background-ambience-2930_snr_0dB,benchmarks/ambient_noise/mixkit-city-traffic-background-ambience-2930.wav,0.0,24.0,0.0669,0.0028,296,60,en,1.0
small,/Users/argussun/Documents/Therfour/third_party/audio_quality_testing_samples/testaudio/8000/test01_20s.wav,noise_combo_mixkit-city-traffic-background-ambience-2930_snr_-5dB,benchmarks/ambient_noise/mixkit-city-traffic-background-ambience-2930.wav,-5.0,24.0,0.0674,0.0028,116,20,en,1.0
small,/Users/argussun/Documents/Therfour/third_party/audio_quality_testing_samples/testaudio/8000/test01_20s.wav,noise_combo_mixkit-city-traffic-background-ambience-2930_snr_-10dB,benchmarks/ambient_noise/mixkit-city-traffic-background-ambience-2930.wav,-10.0,24.0,0.0636,0.0027,10,2,en,1.0
small,/Users/argussun/Documents/Therfour/third_party/audio_quality_testing_samples/testaudio/8000/test01_20s.wav,noise_combo_mixkit-people-in-fair-ambience-and-laughter-368_snr_0dB,benchmarks/ambient_noise/mixkit-people-in-fair-ambience-and-laughter-368.wav,0.0,24.0,0.0652,0.0027,287,57,en,1.0
small,/Users/argussun/Documents/Therfour/third_party/audio_quality_testing_samples/testaudio/8000/test01_20s.wav,noise_combo_mixkit-people-in-fair-ambience-and-laughter-368_snr_-5dB,benchmarks/ambient_noise/mixkit-people-in-fair-ambience-and-laughter-368.wav,-5.0,24.0,0.0658,0.0027,200,39,en,1.0
small,/Users/argussun/Documents/Therfour/third_party/audio_quality_testing_samples/testaudio/8000/test01_20s.wav,noise_combo_mixkit-people-in-fair-ambience-and-laughter-368_snr_-10dB,benchmarks/ambient_noise/mixkit-people-in-fair-ambience-and-laughter-368.wav,-10.0,24.0,0.0621,0.0026,0,0,en,1.0
small,/Users/argussun/Documents/Therfour/third_party/audio_quality_testing_samples/testaudio/8000/test01_20s.wav,noise_combo_mixkit-restaurant-crowd-talking-ambience-444_snr_0dB,benchmarks/ambient_noise/mixkit-restaurant-crowd-talking-ambience-444.wav,0.0,24.0,0.067,0.0028,299,59,en,1.0
small,/Users/argussun/Documents/Therfour/third_party/audio_quality_testing_samples/testaudio/8000/test01_20s.wav,noise_combo_mixkit-restaurant-crowd-talking-ambience-444_snr_-5dB,benchmarks/ambient_noise/mixkit-restaurant-crowd-talking-ambience-444.wav,-5.0,24.0,0.0902,0.0038,517,126,en,1.0
small,/Users/argussun/Documents/Therfour/third_party/audio_quality_testing_samples/testaudio/8000/test01_20s.wav,noise_combo_mixkit-restaurant-crowd-talking-ambience-444_snr_-10dB,benchmarks/ambient_noise/mixkit-restaurant-crowd-talking-ambience-444.wav,-10.0,24.0,0.1236,0.0051,0,0,en,1.0
small,/Users/argussun/Documents/Therfour/third_party/audio_quality_testing_samples/testaudio/8000/test01_20s.wav,noise_combo_mixkit-road-traffic-sound-2463_snr_0dB,benchmarks/ambient_noise/mixkit-road-traffic-sound-2463.wav,0.0,24.0,0.0644,0.0027,300,59,en,1.0
small,/Users/argussun/Documents/Therfour/third_party/audio_quality_testing_samples/testaudio/8000/test01_20s.wav,noise_combo_mixkit-road-traffic-sound-2463_snr_-5dB,benchmarks/ambient_noise/mixkit-road-traffic-sound-2463.wav,-5.0,24.0,0.0678,0.0028,299,60,en,1.0
small,/Users/argussun/Documents/Therfour/third_party/audio_quality_testing_samples/testaudio/8000/test01_20s.wav,noise_combo_mixkit-road-traffic-sound-2463_snr_-10dB,benchmarks/ambient_noise/mixkit-road-traffic-sound-2463.wav,-10.0,24.0,0.0658,0.0027,97,20,en,1.0
small,/Users/argussun/Documents/Therfour/third_party/audio_quality_testing_samples/testaudio/8000/test01_20s.wav,noise_combo_mixkit-urban-park-and-traffic-2932_snr_0dB,benchmarks/ambient_noise/mixkit-urban-park-and-traffic-2932.wav,0.0,24.0,0.068,0.0028,282,54,en,1.0
small,/Users/argussun/Documents/Therfour/third_party/audio_quality_testing_samples/testaudio/8000/test01_20s.wav,noise_combo_mixkit-urban-park-and-traffic-2932_snr_-5dB,benchmarks/ambient_noise/mixkit-urban-park-and-traffic-2932.wav,-5.0,24.0,0.069,0.0029,298,57,en,1.0
small,/Users/argussun/Documents/Therfour/third_party/audio_quality_testing_samples/testaudio/8000/test01_20s.wav,noise_combo_mixkit-urban-park-and-traffic-2932_snr_-10dB,benchmarks/ambient_noise/mixkit-urban-park-and-traffic-2932.wav,-10.0,24.0,0.0655,0.0027,449,86,en,1.0
small,/Users/argussun/Documents/Therfour/third_party/audio_quality_testing_samples/testaudio/8000/test01_20s.wav,noise_combo_mixkit-very-crowded-pub-or-party-loop-360_snr_0dB,benchmarks/ambient_noise/mixkit-very-crowded-pub-or-party-loop-360.wav,0.0,24.0,0.0694,0.0029,301,58,en,1.0
small,/Users/argussun/Documents/Therfour/third_party/audio_quality_testing_samples/testaudio/8000/test01_20s.wav,noise_combo_mixkit-very-crowded-pub-or-party-loop-360_snr_-5dB,benchmarks/ambient_noise/mixkit-very-crowded-pub-or-party-loop-360.wav,-5.0,24.0,0.0684,0.0029,302,66,en,1.0
small,/Users/argussun/Documents/Therfour/third_party/audio_quality_testing_samples/testaudio/8000/test01_20s.wav,noise_combo_mixkit-very-crowded-pub-or-party-loop-360_snr_-10dB,benchmarks/ambient_noise/mixkit-very-crowded-pub-or-party-loop-360.wav,-10.0,24.0,0.0651,0.0027,10,2,en,1.0
small,/Users/argussun/Documents/Therfour/third_party/audio_quality_testing_samples/testaudio/8000/test01_20s.wav,noise_combo_mixkit-city-traffic-background-ambience-2930+mixkit-people-in-fair-ambience-and-laughter-368_snr_0dB,benchmarks/ambient_noise/mixkit-city-traffic-background-ambience-2930.wav;benchmarks/ambient_noise/mixkit-people-in-fair-ambience-and-laughter-368.wav,0.0,24.0,0.0695,0.0029,304,58,en,1.0
small,/Users/argussun/Documents/Therfour/third_party/audio_quality_testing_samples/testaudio/8000/test01_20s.wav,noise_combo_mixkit-city-traffic-background-ambience-2930+mixkit-people-in-fair-ambience-and-laughter-368_snr_-5dB,benchmarks/ambient_noise/mixkit-city-traffic-background-ambience-2930.wav;benchmarks/ambient_noise/mixkit-people-in-fair-ambience-and-laughter-368.wav,-5.0,24.0,0.0674,0.0028,185,37,en,1.0
small,/Users/argussun/Documents/Therfour/third_party/audio_quality_testing_samples/testaudio/8000/test01_20s.wav,noise_combo_mixkit-city-traffic-background-ambience-2930+mixkit-people-in-fair-ambience-and-laughter-368_snr_-10dB,benchmarks/ambient_noise/mixkit-city-traffic-background-ambience-2930.wav;benchmarks/ambient_noise/mixkit-people-in-fair-ambience-and-laughter-368.wav,-10.0,24.0,0.0623,0.0026,35,7,en,1.0
small,/Users/argussun/Documents/Therfour/third_party/audio_quality_testing_samples/testaudio/8000/test01_20s.wav,noise_combo_mixkit-city-traffic-background-ambience-2930+mixkit-restaurant-crowd-talking-ambience-444_snr_0dB,benchmarks/ambient_noise/mixkit-city-traffic-background-ambience-2930.wav;benchmarks/ambient_noise/mixkit-restaurant-crowd-talking-ambience-444.wav,0.0,24.0,0.0679,0.0028,342,69,en,1.0
small,/Users/argussun/Documents/Therfour/third_party/audio_quality_testing_samples/testaudio/8000/test01_20s.wav,noise_combo_mixkit-city-traffic-background-ambience-2930+mixkit-restaurant-crowd-talking-ambience-444_snr_-5dB,benchmarks/ambient_noise/mixkit-city-traffic-background-ambience-2930.wav;benchmarks/ambient_noise/mixkit-restaurant-crowd-talking-ambience-444.wav,-5.0,24.0,0.0665,0.0028,123,24,en,1.0
small,/Users/argussun/Documents/Therfour/third_party/audio_quality_testing_samples/testaudio/8000/test01_20s.wav,noise_combo_mixkit-city-traffic-background-ambience-2930+mixkit-restaurant-crowd-talking-ambience-444_snr_-10dB,benchmarks/ambient_noise/mixkit-city-traffic-background-ambience-2930.wav;benchmarks/ambient_noise/mixkit-restaurant-crowd-talking-ambience-444.wav,-10.0,24.0,0.0649,0.0027,0,0,en,1.0
small,/Users/argussun/Documents/Therfour/third_party/audio_quality_testing_samples/testaudio/8000/test01_20s.wav,noise_combo_mixkit-city-traffic-background-ambience-2930+mixkit-road-traffic-sound-2463_snr_0dB,benchmarks/ambient_noise/mixkit-city-traffic-background-ambience-2930.wav;benchmarks/ambient_noise/mixkit-road-traffic-sound-2463.wav,0.0,24.0,0.0725,0.003,320,60,en,1.0
small,/Users/argussun/Documents/Therfour/third_party/audio_quality_testing_samples/testaudio/8000/test01_20s.wav,noise_combo_mixkit-city-traffic-background-ambience-2930+mixkit-road-traffic-sound-2463_snr_-5dB,benchmarks/ambient_noise/mixkit-city-traffic-background-ambience-2930.wav;benchmarks/ambient_noise/mixkit-road-traffic-sound-2463.wav,-5.0,24.0,0.0678,0.0028,267,60,en,1.0
small,/Users/argussun/Documents/Therfour/third_party/audio_quality_testing_samples/testaudio/8000/test01_20s.wav,noise_combo_mixkit-city-traffic-background-ambience-2930+mixkit-road-traffic-sound-2463_snr_-10dB,benchmarks/ambient_noise/mixkit-city-traffic-background-ambience-2930.wav;benchmarks/ambient_noise/mixkit-road-traffic-sound-2463.wav,-10.0,24.0,0.0684,0.0028,38,7,en,1.0
small,/Users/argussun/Documents/Therfour/third_party/audio_quality_testing_samples/testaudio/8000/test01_20s.wav,noise_combo_mixkit-city-traffic-background-ambience-2930+mixkit-urban-park-and-traffic-2932_snr_0dB,benchmarks/ambient_noise/mixkit-city-traffic-background-ambience-2930.wav;benchmarks/ambient_noise/mixkit-urban-park-and-traffic-2932.wav,0.0,24.0,0.0695,0.0029,337,67,en,1.0
small,/Users/argussun/Documents/Therfour/third_party/audio_quality_testing_samples/testaudio/8000/test01_20s.wav,noise_combo_mixkit-city-traffic-background-ambience-2930+mixkit-urban-park-and-traffic-2932_snr_-5dB,benchmarks/ambient_noise/mixkit-city-traffic-background-ambience-2930.wav;benchmarks/ambient_noise/mixkit-urban-park-and-traffic-2932.wav,-5.0,24.0,0.0685,0.0029,314,66,en,1.0
small,/Users/argussun/Documents/Therfour/third_party/audio_quality_testing_samples/testaudio/8000/test01_20s.wav,noise_combo_mixkit-city-traffic-background-ambience-2930+mixkit-urban-park-and-traffic-2932_snr_-10dB,benchmarks/ambient_noise/mixkit-city-traffic-background-ambience-2930.wav;benchmarks/ambient_noise/mixkit-urban-park-and-traffic-2932.wav,-10.0,24.0,0.0658,0.0027,63,13,en,1.0
small,/Users/argussun/Documents/Therfour/third_party/audio_quality_testing_samples/testaudio/8000/test01_20s.wav,noise_combo_mixkit-city-traffic-background-ambience-2930+mixkit-very-crowded-pub-or-party-loop-360_snr_0dB,benchmarks/ambient_noise/mixkit-city-traffic-background-ambience-2930.wav;benchmarks/ambient_noise/mixkit-very-crowded-pub-or-party-loop-360.wav,0.0,24.0,0.0708,0.003,339,66,en,1.0
small,/Users/argussun/Documents/Therfour/third_party/audio_quality_testing_samples/testaudio/8000/test01_20s.wav,noise_combo_mixkit-city-traffic-background-ambience-2930+mixkit-very-crowded-pub-or-party-loop-360_snr_-5dB,benchmarks/ambient_noise/mixkit-city-traffic-background-ambience-2930.wav;benchmarks/ambient_noise/mixkit-very-crowded-pub-or-party-loop-360.wav,-5.0,24.0,0.0694,0.0029,90,19,en,1.0
small,/Users/argussun/Documents/Therfour/third_party/audio_quality_testing_samples/testaudio/8000/test01_20s.wav,noise_combo_mixkit-city-traffic-background-ambience-2930+mixkit-very-crowded-pub-or-party-loop-360_snr_-10dB,benchmarks/ambient_noise/mixkit-city-traffic-background-ambience-2930.wav;benchmarks/ambient_noise/mixkit-very-crowded-pub-or-party-loop-360.wav,-10.0,24.0,0.0621,0.0026,0,0,en,1.0
small,/Users/argussun/Documents/Therfour/third_party/audio_quality_testing_samples/testaudio/8000/test01_20s.wav,noise_combo_mixkit-people-in-fair-ambience-and-laughter-368+mixkit-restaurant-crowd-talking-ambience-444_snr_0dB,benchmarks/ambient_noise/mixkit-people-in-fair-ambience-and-laughter-368.wav;benchmarks/ambient_noise/mixkit-restaurant-crowd-talking-ambience-444.wav,0.0,24.0,0.0743,0.0031,362,70,en,1.0
small,/Users/argussun/Documents/Therfour/third_party/audio_quality_testing_samples/testaudio/8000/test01_20s.wav,noise_combo_mixkit-people-in-fair-ambience-and-laughter-368+mixkit-restaurant-crowd-talking-ambience-444_snr_-5dB,benchmarks/ambient_noise/mixkit-people-in-fair-ambience-and-laughter-368.wav;benchmarks/ambient_noise/mixkit-restaurant-crowd-talking-ambience-444.wav,-5.0,24.0,0.0682,0.0028,232,45,en,1.0
small,/Users/argussun/Documents/Therfour/third_party/audio_quality_testing_samples/testaudio/8000/test01_20s.wav,noise_combo_mixkit-people-in-fair-ambience-and-laughter-368+mixkit-restaurant-crowd-talking-ambience-444_snr_-10dB,benchmarks/ambient_noise/mixkit-people-in-fair-ambience-and-laughter-368.wav;benchmarks/ambient_noise/mixkit-restaurant-crowd-talking-ambience-444.wav,-10.0,24.0,0.063,0.0026,0,0,en,1.0
small,/Users/argussun/Documents/Therfour/third_party/audio_quality_testing_samples/testaudio/8000/test01_20s.wav,edge_very_low_speech,,,24.0,0.064,0.0027,291,54,en,1.0
small,/Users/argussun/Documents/Therfour/third_party/audio_quality_testing_samples/testaudio/8000/test01_20s.wav,edge_clipped,,,24.0,0.0721,0.003,292,54,en,1.0
small,/Users/argussun/Documents/Therfour/third_party/audio_quality_testing_samples/testaudio/8000/test01_20s.wav,edge_leading_noise_2s,benchmarks/ambient_noise/mixkit-city-traffic-background-ambience-2930.wav,,26.0,0.0732,0.0028,291,54,en,1.0
distil-large-v3,/Users/argussun/Documents/Therfour/third_party/audio_quality_testing_samples/testaudio/16000/test01_20s.wav,clean,,,24.0,0.0648,0.0027,280,54,en,1.0
distil-large-v3,/Users/argussun/Documents/Therfour/third_party/audio_quality_testing_samples/testaudio/16000/test01_20s.wav,noise_combo_mixkit-city-traffic-background-ambience-2930_snr_0dB,benchmarks/ambient_noise/mixkit-city-traffic-background-ambience-2930.wav,0.0,24.0,0.0667,0.0028,314,62,en,1.0
distil-large-v3,/Users/argussun/Documents/Therfour/third_party/audio_quality_testing_samples/testaudio/16000/test01_20s.wav,noise_combo_mixkit-city-traffic-background-ambience-2930_snr_-5dB,benchmarks/ambient_noise/mixkit-city-traffic-background-ambience-2930.wav,-5.0,24.0,0.0688,0.0029,104,17,en,1.0
distil-large-v3,/Users/argussun/Documents/Therfour/third_party/audio_quality_testing_samples/testaudio/16000/test01_20s.wav,noise_combo_mixkit-city-traffic-background-ambience-2930_snr_-10dB,benchmarks/ambient_noise/mixkit-city-traffic-background-ambience-2930.wav,-10.0,24.0,0.0675,0.0028,87,22,en,1.0
distil-large-v3,/Users/argussun/Documents/Therfour/third_party/audio_quality_testing_samples/testaudio/16000/test01_20s.wav,noise_combo_mixkit-people-in-fair-ambience-and-laughter-368_snr_0dB,benchmarks/ambient_noise/mixkit-people-in-fair-ambience-and-laughter-368.wav,0.0,24.0,0.0686,0.0029,274,52,en,1.0
distil-large-v3,/Users/argussun/Documents/Therfour/third_party/audio_quality_testing_samples/testaudio/16000/test01_20s.wav,noise_combo_mixkit-people-in-fair-ambience-and-laughter-368_snr_-5dB,benchmarks/ambient_noise/mixkit-people-in-fair-ambience-and-laughter-368.wav,-5.0,24.0,0.0677,0.0028,199,36,en,1.0
distil-large-v3,/Users/argussun/Documents/Therfour/third_party/audio_quality_testing_samples/testaudio/16000/test01_20s.wav,noise_combo_mixkit-people-in-fair-ambience-and-laughter-368_snr_-10dB,benchmarks/ambient_noise/mixkit-people-in-fair-ambience-and-laughter-368.wav,-10.0,24.0,0.0699,0.0029,10,2,en,1.0
distil-large-v3,/Users/argussun/Documents/Therfour/third_party/audio_quality_testing_samples/testaudio/16000/test01_20s.wav,noise_combo_mixkit-restaurant-crowd-talking-ambience-444_snr_0dB,benchmarks/ambient_noise/mixkit-restaurant-crowd-talking-ambience-444.wav,0.0,24.0,0.0711,0.003,286,58,en,1.0
distil-large-v3,/Users/argussun/Documents/Therfour/third_party/audio_quality_testing_samples/testaudio/16000/test01_20s.wav,noise_combo_mixkit-restaurant-crowd-talking-ambience-444_snr_-5dB,benchmarks/ambient_noise/mixkit-restaurant-crowd-talking-ambience-444.wav,-5.0,24.0,0.0714,0.003,64,12,en,1.0
distil-large-v3,/Users/argussun/Documents/Therfour/third_party/audio_quality_testing_samples/testaudio/16000/test01_20s.wav,noise_combo_mixkit-restaurant-crowd-talking-ambience-444_snr_-10dB,benchmarks/ambient_noise/mixkit-restaurant-crowd-talking-ambience-444.wav,-10.0,24.0,0.0637,0.0027,0,0,en,1.0
distil-large-v3,/Users/argussun/Documents/Therfour/third_party/audio_quality_testing_samples/testaudio/16000/test01_20s.wav,noise_combo_mixkit-road-traffic-sound-2463_snr_0dB,benchmarks/ambient_noise/mixkit-road-traffic-sound-2463.wav,0.0,24.0,0.0638,0.0027,296,55,en,1.0
distil-large-v3,/Users/argussun/Documents/Therfour/third_party/audio_quality_testing_samples/testaudio/16000/test01_20s.wav,noise_combo_mixkit-road-traffic-sound-2463_snr_-5dB,benchmarks/ambient_noise/mixkit-road-traffic-sound-2463.wav,-5.0,24.0,0.0679,0.0028,253,50,en,1.0
distil-large-v3,/Users/argussun/Documents/Therfour/third_party/audio_quality_testing_samples/testaudio/16000/test01_20s.wav,noise_combo_mixkit-road-traffic-sound-2463_snr_-10dB,benchmarks/ambient_noise/mixkit-road-traffic-sound-2463.wav,-10.0,24.0,0.0692,0.0029,73,16,en,1.0
distil-large-v3,/Users/argussun/Documents/Therfour/third_party/audio_quality_testing_samples/testaudio/16000/test01_20s.wav,noise_combo_mixkit-urban-park-and-traffic-2932_snr_0dB,benchmarks/ambient_noise/mixkit-urban-park-and-traffic-2932.wav,0.0,24.0,0.0704,0.0029,286,53,en,1.0
distil-large-v3,/Users/argussun/Documents/Therfour/third_party/audio_quality_testing_samples/testaudio/16000/test01_20s.wav,noise_combo_mixkit-urban-park-and-traffic-2932_snr_-5dB,benchmarks/ambient_noise/mixkit-urban-park-and-traffic-2932.wav,-5.0,24.0,0.0696,0.0029,315,67,en,1.0
distil-large-v3,/Users/argussun/Documents/Therfour/third_party/audio_quality_testing_samples/testaudio/16000/test01_20s.wav,noise_combo_mixkit-urban-park-and-traffic-2932_snr_-10dB,benchmarks/ambient_noise/mixkit-urban-park-and-traffic-2932.wav,-10.0,24.0,0.0657,0.0027,89,14,en,1.0
distil-large-v3,/Users/argussun/Documents/Therfour/third_party/audio_quality_testing_samples/testaudio/16000/test01_20s.wav,noise_combo_mixkit-very-crowded-pub-or-party-loop-360_snr_0dB,benchmarks/ambient_noise/mixkit-very-crowded-pub-or-party-loop-360.wav,0.0,24.0,0.0712,0.003,292,59,en,1.0
distil-large-v3,/Users/argussun/Documents/Therfour/third_party/audio_quality_testing_samples/testaudio/16000/test01_20s.wav,noise_combo_mixkit-very-crowded-pub-or-party-loop-360_snr_-5dB,benchmarks/ambient_noise/mixkit-very-crowded-pub-or-party-loop-360.wav,-5.0,24.0,0.0707,0.0029,289,63,en,1.0
distil-large-v3,/Users/argussun/Documents/Therfour/third_party/audio_quality_testing_samples/testaudio/16000/test01_20s.wav,noise_combo_mixkit-very-crowded-pub-or-party-loop-360_snr_-10dB,benchmarks/ambient_noise/mixkit-very-crowded-pub-or-party-loop-360.wav,-10.0,24.0,0.0669,0.0028,67,15,en,1.0
distil-large-v3,/Users/argussun/Documents/Therfour/third_party/audio_quality_testing_samples/testaudio/16000/test01_20s.wav,noise_combo_mixkit-city-traffic-background-ambience-2930+mixkit-people-in-fair-ambience-and-laughter-368_snr_0dB,benchmarks/ambient_noise/mixkit-city-traffic-background-ambience-2930.wav;benchmarks/ambient_noise/mixkit-people-in-fair-ambience-and-laughter-368.wav,0.0,24.0,0.0702,0.0029,298,60,en,1.0
distil-large-v3,/Users/argussun/Documents/Therfour/third_party/audio_quality_testing_samples/testaudio/16000/test01_20s.wav,noise_combo_mixkit-city-traffic-background-ambience-2930+mixkit-people-in-fair-ambience-and-laughter-368_snr_-5dB,benchmarks/ambient_noise/mixkit-city-traffic-background-ambience-2930.wav;benchmarks/ambient_noise/mixkit-people-in-fair-ambience-and-laughter-368.wav,-5.0,24.0,0.0721,0.003,278,50,en,1.0
distil-large-v3,/Users/argussun/Documents/Therfour/third_party/audio_quality_testing_samples/testaudio/16000/test01_20s.wav,noise_combo_mixkit-city-traffic-background-ambience-2930+mixkit-people-in-fair-ambience-and-laughter-368_snr_-10dB,benchmarks/ambient_noise/mixkit-city-traffic-background-ambience-2930.wav;benchmarks/ambient_noise/mixkit-people-in-fair-ambience-and-laughter-368.wav,-10.0,24.0,0.063,0.0026,12,3,en,1.0
distil-large-v3,/Users/argussun/Documents/Therfour/third_party/audio_quality_testing_samples/testaudio/16000/test01_20s.wav,noise_combo_mixkit-city-traffic-background-ambience-2930+mixkit-restaurant-crowd-talking-ambience-444_snr_0dB,benchmarks/ambient_noise/mixkit-city-traffic-background-ambience-2930.wav;benchmarks/ambient_noise/mixkit-restaurant-crowd-talking-ambience-444.wav,0.0,24.0,0.0692,0.0029,302,57,en,1.0
distil-large-v3,/Users/argussun/Documents/Therfour/third_party/audio_quality_testing_samples/testaudio/16000/test01_20s.wav,noise_combo_mixkit-city-traffic-background-ambience-2930+mixkit-restaurant-crowd-talking-ambience-444_snr_-5dB,benchmarks/ambient_noise/mixkit-city-traffic-background-ambience-2930.wav;benchmarks/ambient_noise/mixkit-restaurant-crowd-talking-ambience-444.wav,-5.0,24.0,0.0655,0.0027,136,27,en,1.0
distil-large-v3,/Users/argussun/Documents/Therfour/third_party/audio_quality_testing_samples/testaudio/16000/test01_20s.wav,noise_combo_mixkit-city-traffic-background-ambience-2930+mixkit-restaurant-crowd-talking-ambience-444_snr_-10dB,benchmarks/ambient_noise/mixkit-city-traffic-background-ambience-2930.wav;benchmarks/ambient_noise/mixkit-restaurant-crowd-talking-ambience-444.wav,-10.0,24.0,0.0894,0.0037,10,2,en,1.0
distil-large-v3,/Users/argussun/Documents/Therfour/third_party/audio_quality_testing_samples/testaudio/16000/test01_20s.wav,noise_combo_mixkit-city-traffic-background-ambience-2930+mixkit-road-traffic-sound-2463_snr_0dB,benchmarks/ambient_noise/mixkit-city-traffic-background-ambience-2930.wav;benchmarks/ambient_noise/mixkit-road-traffic-sound-2463.wav,0.0,24.0,0.0717,0.003,301,60,en,1.0
distil-large-v3,/Users/argussun/Documents/Therfour/third_party/audio_quality_testing_samples/testaudio/16000/test01_20s.wav,noise_combo_mixkit-city-traffic-background-ambience-2930+mixkit-road-traffic-sound-2463_snr_-5dB,benchmarks/ambient_noise/mixkit-city-traffic-background-ambience-2930.wav;benchmarks/ambient_noise/mixkit-road-traffic-sound-2463.wav,-5.0,24.0,0.0696,0.0029,213,45,en,1.0
distil-large-v3,/Users/argussun/Documents/Therfour/third_party/audio_quality_testing_samples/testaudio/16000/test01_20s.wav,noise_combo_mixkit-city-traffic-background-ambience-2930+mixkit-road-traffic-sound-2463_snr_-10dB,benchmarks/ambient_noise/mixkit-city-traffic-background-ambience-2930.wav;benchmarks/ambient_noise/mixkit-road-traffic-sound-2463.wav,-10.0,24.0,0.0647,0.0027,28,4,en,1.0
distil-large-v3,/Users/argussun/Documents/Therfour/third_party/audio_quality_testing_samples/testaudio/16000/test01_20s.wav,noise_combo_mixkit-city-traffic-background-ambience-2930+mixkit-urban-park-and-traffic-2932_snr_0dB,benchmarks/ambient_noise/mixkit-city-traffic-background-ambience-2930.wav;benchmarks/ambient_noise/mixkit-urban-park-and-traffic-2932.wav,0.0,24.0,0.0717,0.003,294,56,en,1.0
distil-large-v3,/Users/argussun/Documents/Therfour/third_party/audio_quality_testing_samples/testaudio/16000/test01_20s.wav,noise_combo_mixkit-city-traffic-background-ambience-2930+mixkit-urban-park-and-traffic-2932_snr_-5dB,benchmarks/ambient_noise/mixkit-city-traffic-background-ambience-2930.wav;benchmarks/ambient_noise/mixkit-urban-park-and-traffic-2932.wav,-5.0,24.0,0.069,0.0029,301,61,en,1.0
distil-large-v3,/Users/argussun/Documents/Therfour/third_party/audio_quality_testing_samples/testaudio/16000/test01_20s.wav,noise_combo_mixkit-city-traffic-background-ambience-2930+mixkit-urban-park-and-traffic-2932_snr_-10dB,benchmarks/ambient_noise/mixkit-city-traffic-background-ambience-2930.wav;benchmarks/ambient_noise/mixkit-urban-park-and-traffic-2932.wav,-10.0,24.0,0.0642,0.0027,69,13,en,1.0
distil-large-v3,/Users/argussun/Documents/Therfour/third_party/audio_quality_testing_samples/testaudio/16000/test01_20s.wav,noise_combo_mixkit-city-traffic-background-ambience-2930+mixkit-very-crowded-pub-or-party-loop-360_snr_0dB,benchmarks/ambient_noise/mixkit-city-traffic-background-ambience-2930.wav;benchmarks/ambient_noise/mixkit-very-crowded-pub-or-party-loop-360.wav,0.0,24.0,0.0718,0.003,304,63,en,1.0
distil-large-v3,/Users/argussun/Documents/Therfour/third_party/audio_quality_testing_samples/testaudio/16000/test01_20s.wav,noise_combo_mixkit-city-traffic-background-ambience-2930+mixkit-very-crowded-pub-or-party-loop-360_snr_-5dB,benchmarks/ambient_noise/mixkit-city-traffic-background-ambience-2930.wav;benchmarks/ambient_noise/mixkit-very-crowded-pub-or-party-loop-360.wav,-5.0,24.0,0.0712,0.003,260,52,en,1.0
distil-large-v3,/Users/argussun/Documents/Therfour/third_party/audio_quality_testing_samples/testaudio/16000/test01_20s.wav,noise_combo_mixkit-city-traffic-background-ambience-2930+mixkit-very-crowded-pub-or-party-loop-360_snr_-10dB,benchmarks/ambient_noise/mixkit-city-traffic-background-ambience-2930.wav;benchmarks/ambient_noise/mixkit-very-crowded-pub-or-party-loop-360.wav,-10.0,24.0,0.0633,0.0026,23,5,en,1.0
distil-large-v3,/Users/argussun/Documents/Therfour/third_party/audio_quality_testing_samples/testaudio/16000/test01_20s.wav,noise_combo_mixkit-people-in-fair-ambience-and-laughter-368+mixkit-restaurant-crowd-talking-ambience-444_snr_0dB,benchmarks/ambient_noise/mixkit-people-in-fair-ambience-and-laughter-368.wav;benchmarks/ambient_noise/mixkit-restaurant-crowd-talking-ambience-444.wav,0.0,24.0,0.0698,0.0029,269,49,en,1.0
distil-large-v3,/Users/argussun/Documents/Therfour/third_party/audio_quality_testing_samples/testaudio/16000/test01_20s.wav,noise_combo_mixkit-people-in-fair-ambience-and-laughter-368+mixkit-restaurant-crowd-talking-ambience-444_snr_-5dB,benchmarks/ambient_noise/mixkit-people-in-fair-ambience-and-laughter-368.wav;benchmarks/ambient_noise/mixkit-restaurant-crowd-talking-ambience-444.wav,-5.0,24.0,0.0686,0.0029,221,47,en,1.0
distil-large-v3,/Users/argussun/Documents/Therfour/third_party/audio_quality_testing_samples/testaudio/16000/test01_20s.wav,noise_combo_mixkit-people-in-fair-ambience-and-laughter-368+mixkit-restaurant-crowd-talking-ambience-444_snr_-10dB,benchmarks/ambient_noise/mixkit-people-in-fair-ambience-and-laughter-368.wav;benchmarks/ambient_noise/mixkit-restaurant-crowd-talking-ambience-444.wav,-10.0,24.0,0.0646,0.0027,0,0,en,1.0
distil-large-v3,/Users/argussun/Documents/Therfour/third_party/audio_quality_testing_samples/testaudio/16000/test01_20s.wav,edge_very_low_speech,,,24.0,0.0641,0.0027,280,54,en,1.0
distil-large-v3,/Users/argussun/Documents/Therfour/third_party/audio_quality_testing_samples/testaudio/16000/test01_20s.wav,edge_clipped,,,24.0,0.0699,0.0029,279,54,en,1.0
distil-large-v3,/Users/argussun/Documents/Therfour/third_party/audio_quality_testing_samples/testaudio/16000/test01_20s.wav,edge_leading_noise_2s,benchmarks/ambient_noise/mixkit-city-traffic-background-ambience-2930.wav,,26.0,0.0749,0.0029,279,54,en,1.0
distil-large-v3,/Users/argussun/Documents/Therfour/third_party/audio_quality_testing_samples/testaudio/44100/test01_20s.wav,clean,,,24.0,0.0608,0.0025,279,54,en,1.0
distil-large-v3,/Users/argussun/Documents/Therfour/third_party/audio_quality_testing_samples/testaudio/44100/test01_20s.wav,noise_combo_mixkit-city-traffic-background-ambience-2930_snr_0dB,benchmarks/ambient_noise/mixkit-city-traffic-background-ambience-2930.wav,0.0,24.0,0.0698,0.0029,326,65,en,1.0
distil-large-v3,/Users/argussun/Documents/Therfour/third_party/audio_quality_testing_samples/testaudio/44100/test01_20s.wav,noise_combo_mixkit-city-traffic-background-ambience-2930_snr_-5dB,benchmarks/ambient_noise/mixkit-city-traffic-background-ambience-2930.wav,-5.0,24.0,0.0697,0.0029,172,34,en,1.0
distil-large-v3,/Users/argussun/Documents/Therfour/third_party/audio_quality_testing_samples/testaudio/44100/test01_20s.wav,noise_combo_mixkit-city-traffic-background-ambience-2930_snr_-10dB,benchmarks/ambient_noise/mixkit-city-traffic-background-ambience-2930.wav,-10.0,24.0,0.0649,0.0027,82,14,en,1.0
distil-large-v3,/Users/argussun/Documents/Therfour/third_party/audio_quality_testing_samples/testaudio/44100/test01_20s.wav,noise_combo_mixkit-people-in-fair-ambience-and-laughter-368_snr_0dB,benchmarks/ambient_noise/mixkit-people-in-fair-ambience-and-laughter-368.wav,0.0,24.0,0.0688,0.0029,290,56,en,1.0
distil-large-v3,/Users/argussun/Documents/Therfour/third_party/audio_quality_testing_samples/testaudio/44100/test01_20s.wav,noise_combo_mixkit-people-in-fair-ambience-and-laughter-368_snr_-5dB,benchmarks/ambient_noise/mixkit-people-in-fair-ambience-and-laughter-368.wav,-5.0,24.0,0.0677,0.0028,197,38,en,1.0
distil-large-v3,/Users/argussun/Documents/Therfour/third_party/audio_quality_testing_samples/testaudio/44100/test01_20s.wav,noise_combo_mixkit-people-in-fair-ambience-and-laughter-368_snr_-10dB,benchmarks/ambient_noise/mixkit-people-in-fair-ambience-and-laughter-368.wav,-10.0,24.0,0.0655,0.0027,10,2,en,1.0
distil-large-v3,/Users/argussun/Documents/Therfour/third_party/audio_quality_testing_samples/testaudio/44100/test01_20s.wav,noise_combo_mixkit-restaurant-crowd-talking-ambience-444_snr_0dB,benchmarks/ambient_noise/mixkit-restaurant-crowd-talking-ambience-444.wav,0.0,24.0,0.0701,0.0029,282,54,en,1.0
distil-large-v3,/Users/argussun/Documents/Therfour/third_party/audio_quality_testing_samples/testaudio/44100/test01_20s.wav,noise_combo_mixkit-restaurant-crowd-talking-ambience-444_snr_-5dB,benchmarks/ambient_noise/mixkit-restaurant-crowd-talking-ambience-444.wav,-5.0,24.0,0.0664,0.0028,102,24,en,1.0
distil-large-v3,/Users/argussun/Documents/Therfour/third_party/audio_quality_testing_samples/testaudio/44100/test01_20s.wav,noise_combo_mixkit-restaurant-crowd-talking-ambience-444_snr_-10dB,benchmarks/ambient_noise/mixkit-restaurant-crowd-talking-ambience-444.wav,-10.0,24.0,0.0628,0.0026,0,0,en,1.0
distil-large-v3,/Users/argussun/Documents/Therfour/third_party/audio_quality_testing_samples/testaudio/44100/test01_20s.wav,noise_combo_mixkit-road-traffic-sound-2463_snr_0dB,benchmarks/ambient_noise/mixkit-road-traffic-sound-2463.wav,0.0,24.0,0.0641,0.0027,296,55,en,1.0
distil-large-v3,/Users/argussun/Documents/Therfour/third_party/audio_quality_testing_samples/testaudio/44100/test01_20s.wav,noise_combo_mixkit-road-traffic-sound-2463_snr_-5dB,benchmarks/ambient_noise/mixkit-road-traffic-sound-2463.wav,-5.0,24.0,0.068,0.0028,269,53,en,1.0
distil-large-v3,/Users/argussun/Documents/Therfour/third_party/audio_quality_testing_samples/testaudio/44100/test01_20s.wav,noise_combo_mixkit-road-traffic-sound-2463_snr_-10dB,benchmarks/ambient_noise/mixkit-road-traffic-sound-2463.wav,-10.0,24.0,0.0649,0.0027,62,13,en,1.0
distil-large-v3,/Users/argussun/Documents/Therfour/third_party/audio_quality_testing_samples/testaudio/44100/test01_20s.wav,noise_combo_mixkit-urban-park-and-traffic-2932_snr_0dB,benchmarks/ambient_noise/mixkit-urban-park-and-traffic-2932.wav,0.0,24.0,0.0699,0.0029,284,53,en,1.0
distil-large-v3,/Users/argussun/Documents/Therfour/third_party/audio_quality_testing_samples/testaudio/44100/test01_20s.wav,noise_combo_mixkit-urban-park-and-traffic-2932_snr_-5dB,benchmarks/ambient_noise/mixkit-urban-park-and-traffic-2932.wav,-5.0,24.0,0.0704,0.0029,335,71,en,1.0
distil-large-v3,/Users/argussun/Documents/Therfour/third_party/audio_quality_testing_samples/testaudio/44100/test01_20s.wav,noise_combo_mixkit-urban-park-and-traffic-2932_snr_-10dB,benchmarks/ambient_noise/mixkit-urban-park-and-traffic-2932.wav,-10.0,24.0,0.0699,0.0029,82,14,en,1.0
distil-large-v3,/Users/argussun/Documents/Therfour/third_party/audio_quality_testing_samples/testaudio/44100/test01_20s.wav,noise_combo_mixkit-very-crowded-pub-or-party-loop-360_snr_0dB,benchmarks/ambient_noise/mixkit-very-crowded-pub-or-party-loop-360.wav,0.0,24.0,0.0714,0.003,291,60,en,1.0
distil-large-v3,/Users/argussun/Documents/Therfour/third_party/audio_quality_testing_samples/testaudio/44100/test01_20s.wav,noise_combo_mixkit-very-crowded-pub-or-party-loop-360_snr_-5dB,benchmarks/ambient_noise/mixkit-very-crowded-pub-or-party-loop-360.wav,-5.0,24.0,0.0706,0.0029,311,64,en,1.0
distil-large-v3,/Users/argussun/Documents/Therfour/third_party/audio_quality_testing_samples/testaudio/44100/test01_20s.wav,noise_combo_mixkit-very-crowded-pub-or-party-loop-360_snr_-10dB,benchmarks/ambient_noise/mixkit-very-crowded-pub-or-party-loop-360.wav,-10.0,24.0,0.0648,0.0027,106,25,en,1.0
distil-large-v3,/Users/argussun/Documents/Therfour/third_party/audio_quality_testing_samples/testaudio/44100/test01_20s.wav,noise_combo_mixkit-city-traffic-background-ambience-2930+mixkit-people-in-fair-ambience-and-laughter-368_snr_0dB,benchmarks/ambient_noise/mixkit-city-traffic-background-ambience-2930.wav;benchmarks/ambient_noise/mixkit-people-in-fair-ambience-and-laughter-368.wav,0.0,24.0,0.0704,0.0029,287,57,en,1.0
distil-large-v3,/Users/argussun/Documents/Therfour/third_party/audio_quality_testing_samples/testaudio/44100/test01_20s.wav,noise_combo_mixkit-city-traffic-background-ambience-2930+mixkit-people-in-fair-ambience-and-laughter-368_snr_-5dB,benchmarks/ambient_noise/mixkit-city-traffic-background-ambience-2930.wav;benchmarks/ambient_noise/mixkit-people-in-fair-ambience-and-laughter-368.wav,-5.0,24.0,0.0703,0.0029,208,42,en,1.0
distil-large-v3,/Users/argussun/Documents/Therfour/third_party/audio_quality_testing_samples/testaudio/44100/test01_20s.wav,noise_combo_mixkit-city-traffic-background-ambience-2930+mixkit-people-in-fair-ambience-and-laughter-368_snr_-10dB,benchmarks/ambient_noise/mixkit-city-traffic-background-ambience-2930.wav;benchmarks/ambient_noise/mixkit-people-in-fair-ambience-and-laughter-368.wav,-10.0,24.0,0.0689,0.0029,42,10,en,1.0
distil-large-v3,/Users/argussun/Documents/Therfour/third_party/audio_quality_testing_samples/testaudio/44100/test01_20s.wav,noise_combo_mixkit-city-traffic-background-ambience-2930+mixkit-restaurant-crowd-talking-ambience-444_snr_0dB,benchmarks/ambient_noise/mixkit-city-traffic-background-ambience-2930.wav;benchmarks/ambient_noise/mixkit-restaurant-crowd-talking-ambience-444.wav,0.0,24.0,0.0701,0.0029,299,56,en,1.0
distil-large-v3,/Users/argussun/Documents/Therfour/third_party/audio_quality_testing_samples/testaudio/44100/test01_20s.wav,noise_combo_mixkit-city-traffic-background-ambience-2930+mixkit-restaurant-crowd-talking-ambience-444_snr_-5dB,benchmarks/ambient_noise/mixkit-city-traffic-background-ambience-2930.wav;benchmarks/ambient_noise/mixkit-restaurant-crowd-talking-ambience-444.wav,-5.0,24.0,0.068,0.0028,109,21,en,1.0
distil-large-v3,/Users/argussun/Documents/Therfour/third_party/audio_quality_testing_samples/testaudio/44100/test01_20s.wav,noise_combo_mixkit-city-traffic-background-ambience-2930+mixkit-restaurant-crowd-talking-ambience-444_snr_-10dB,benchmarks/ambient_noise/mixkit-city-traffic-background-ambience-2930.wav;benchmarks/ambient_noise/mixkit-restaurant-crowd-talking-ambience-444.wav,-10.0,24.0,0.0677,0.0028,10,2,en,1.0
distil-large-v3,/Users/argussun/Documents/Therfour/third_party/audio_quality_testing_samples/testaudio/44100/test01_20s.wav,noise_combo_mixkit-city-traffic-background-ambience-2930+mixkit-road-traffic-sound-2463_snr_0dB,benchmarks/ambient_noise/mixkit-city-traffic-background-ambience-2930.wav;benchmarks/ambient_noise/mixkit-road-traffic-sound-2463.wav,0.0,24.0,0.0717,0.003,298,61,en,1.0
distil-large-v3,/Users/argussun/Documents/Therfour/third_party/audio_quality_testing_samples/testaudio/44100/test01_20s.wav,noise_combo_mixkit-city-traffic-background-ambience-2930+mixkit-road-traffic-sound-2463_snr_-5dB,benchmarks/ambient_noise/mixkit-city-traffic-background-ambience-2930.wav;benchmarks/ambient_noise/mixkit-road-traffic-sound-2463.wav,-5.0,24.0,0.0709,0.003,126,26,en,1.0
distil-large-v3,/Users/argussun/Documents/Therfour/third_party/audio_quality_testing_samples/testaudio/44100/test01_20s.wav,noise_combo_mixkit-city-traffic-background-ambience-2930+mixkit-road-traffic-sound-2463_snr_-10dB,benchmarks/ambient_noise/mixkit-city-traffic-background-ambience-2930.wav;benchmarks/ambient_noise/mixkit-road-traffic-sound-2463.wav,-10.0,24.0,0.064,0.0027,35,7,en,1.0
distil-large-v3,/Users/argussun/Documents/Therfour/third_party/audio_quality_testing_samples/testaudio/44100/test01_20s.wav,noise_combo_mixkit-city-traffic-background-ambience-2930+mixkit-urban-park-and-traffic-2932_snr_0dB,benchmarks/ambient_noise/mixkit-city-traffic-background-ambience-2930.wav;benchmarks/ambient_noise/mixkit-urban-park-and-traffic-2932.wav,0.0,24.0,0.0698,0.0029,297,56,en,1.0
distil-large-v3,/Users/argussun/Documents/Therfour/third_party/audio_quality_testing_samples/testaudio/44100/test01_20s.wav,noise_combo_mixkit-city-traffic-background-ambience-2930+mixkit-urban-park-and-traffic-2932_snr_-5dB,benchmarks/ambient_noise/mixkit-city-traffic-background-ambience-2930.wav;benchmarks/ambient_noise/mixkit-urban-park-and-traffic-2932.wav,-5.0,24.0,0.0722,0.003,304,59,en,1.0
distil-large-v3,/Users/argussun/Documents/Therfour/third_party/audio_quality_testing_samples/testaudio/44100/test01_20s.wav,noise_combo_mixkit-city-traffic-background-ambience-2930+mixkit-urban-park-and-traffic-2932_snr_-10dB,benchmarks/ambient_noise/mixkit-city-traffic-background-ambience-2930.wav;benchmarks/ambient_noise/mixkit-urban-park-and-traffic-2932.wav,-10.0,24.0,0.0657,0.0027,63,11,en,1.0
distil-large-v3,/Users/argussun/Documents/Therfour/third_party/audio_quality_testing_samples/testaudio/44100/test01_20s.wav,noise_combo_mixkit-city-traffic-background-ambience-2930+mixkit-very-crowded-pub-or-party-loop-360_snr_0dB,benchmarks/ambient_noise/mixkit-city-traffic-background-ambience-2930.wav;benchmarks/ambient_noise/mixkit-very-crowded-pub-or-party-loop-360.wav,0.0,24.0,0.0703,0.0029,298,62,en,1.0
distil-large-v3,/Users/argussun/Documents/Therfour/third_party/audio_quality_testing_samples/testaudio/44100/test01_20s.wav,noise_combo_mixkit-city-traffic-background-ambience-2930+mixkit-very-crowded-pub-or-party-loop-360_snr_-5dB,benchmarks/ambient_noise/mixkit-city-traffic-background-ambience-2930.wav;benchmarks/ambient_noise/mixkit-very-crowded-pub-or-party-loop-360.wav,-5.0,24.0,0.072,0.003,243,42,en,1.0
distil-large-v3,/Users/argussun/Documents/Therfour/third_party/audio_quality_testing_samples/testaudio/44100/test01_20s.wav,noise_combo_mixkit-city-traffic-background-ambience-2930+mixkit-very-crowded-pub-or-party-loop-360_snr_-10dB,benchmarks/ambient_noise/mixkit-city-traffic-background-ambience-2930.wav;benchmarks/ambient_noise/mixkit-very-crowded-pub-or-party-loop-360.wav,-10.0,24.0,0.067,0.0028,23,5,en,1.0
distil-large-v3,/Users/argussun/Documents/Therfour/third_party/audio_quality_testing_samples/testaudio/44100/test01_20s.wav,noise_combo_mixkit-people-in-fair-ambience-and-laughter-368+mixkit-restaurant-crowd-talking-ambience-444_snr_0dB,benchmarks/ambient_noise/mixkit-people-in-fair-ambience-and-laughter-368.wav;benchmarks/ambient_noise/mixkit-restaurant-crowd-talking-ambience-444.wav,0.0,24.0,0.0699,0.0029,268,51,en,1.0
distil-large-v3,/Users/argussun/Documents/Therfour/third_party/audio_quality_testing_samples/testaudio/44100/test01_20s.wav,noise_combo_mixkit-people-in-fair-ambience-and-laughter-368+mixkit-restaurant-crowd-talking-ambience-444_snr_-5dB,benchmarks/ambient_noise/mixkit-people-in-fair-ambience-and-laughter-368.wav;benchmarks/ambient_noise/mixkit-restaurant-crowd-talking-ambience-444.wav,-5.0,24.0,0.0684,0.0029,210,39,en,1.0
distil-large-v3,/Users/argussun/Documents/Therfour/third_party/audio_quality_testing_samples/testaudio/44100/test01_20s.wav,noise_combo_mixkit-people-in-fair-ambience-and-laughter-368+mixkit-restaurant-crowd-talking-ambience-444_snr_-10dB,benchmarks/ambient_noise/mixkit-people-in-fair-ambience-and-laughter-368.wav;benchmarks/ambient_noise/mixkit-restaurant-crowd-talking-ambience-444.wav,-10.0,24.0,0.0663,0.0028,0,0,en,1.0
distil-large-v3,/Users/argussun/Documents/Therfour/third_party/audio_quality_testing_samples/testaudio/44100/test01_20s.wav,edge_very_low_speech,,,24.0,0.0658,0.0027,279,54,en,1.0
distil-large-v3,/Users/argussun/Documents/Therfour/third_party/audio_quality_testing_samples/testaudio/44100/test01_20s.wav,edge_clipped,,,24.0,0.0689,0.0029,279,54,en,1.0
distil-large-v3,/Users/argussun/Documents/Therfour/third_party/audio_quality_testing_samples/testaudio/44100/test01_20s.wav,edge_leading_noise_2s,benchmarks/ambient_noise/mixkit-city-traffic-background-ambience-2930.wav,,26.0,0.0763,0.0029,279,54,en,1.0
distil-large-v3,/Users/argussun/Documents/Therfour/third_party/audio_quality_testing_samples/testaudio/48000/test01_20s.wav,clean,,,24.0,0.061,0.0025,280,54,en,1.0
distil-large-v3,/Users/argussun/Documents/Therfour/third_party/audio_quality_testing_samples/testaudio/48000/test01_20s.wav,noise_combo_mixkit-city-traffic-background-ambience-2930_snr_0dB,benchmarks/ambient_noise/mixkit-city-traffic-background-ambience-2930.wav,0.0,24.0,0.0708,0.0029,316,63,en,1.0
distil-large-v3,/Users/argussun/Documents/Therfour/third_party/audio_quality_testing_samples/testaudio/48000/test01_20s.wav,noise_combo_mixkit-city-traffic-background-ambience-2930_snr_-5dB,benchmarks/ambient_noise/mixkit-city-traffic-background-ambience-2930.wav,-5.0,24.0,0.0672,0.0028,223,47,en,1.0
distil-large-v3,/Users/argussun/Documents/Therfour/third_party/audio_quality_testing_samples/testaudio/48000/test01_20s.wav,noise_combo_mixkit-city-traffic-background-ambience-2930_snr_-10dB,benchmarks/ambient_noise/mixkit-city-traffic-background-ambience-2930.wav,-10.0,24.0,0.0692,0.0029,87,22,en,1.0
distil-large-v3,/Users/argussun/Documents/Therfour/third_party/audio_quality_testing_samples/testaudio/48000/test01_20s.wav,noise_combo_mixkit-people-in-fair-ambience-and-laughter-368_snr_0dB,benchmarks/ambient_noise/mixkit-people-in-fair-ambience-and-laughter-368.wav,0.0,24.0,0.0694,0.0029,276,49,en,1.0
distil-large-v3,/Users/argussun/Documents/Therfour/third_party/audio_quality_testing_samples/testaudio/48000/test01_20s.wav,noise_combo_mixkit-people-in-fair-ambience-and-laughter-368_snr_-5dB,benchmarks/ambient_noise/mixkit-people-in-fair-ambience-and-laughter-368.wav,-5.0,24.0,0.0693,0.0029,200,33,en,1.0
distil-large-v3,/Users/argussun/Documents/Therfour/third_party/audio_quality_testing_samples/testaudio/48000/test01_20s.wav,noise_combo_mixkit-people-in-fair-ambience-and-laughter-368_snr_-10dB,benchmarks/ambient_noise/mixkit-people-in-fair-ambience-and-laughter-368.wav,-10.0,24.0,0.0659,0.0027,10,2,en,1.0
distil-large-v3,/Users/argussun/Documents/Therfour/third_party/audio_quality_testing_samples/testaudio/48000/test01_20s.wav,noise_combo_mixkit-restaurant-crowd-talking-ambience-444_snr_0dB,benchmarks/ambient_noise/mixkit-restaurant-crowd-talking-ambience-444.wav,0.0,24.0,0.0703,0.0029,285,55,en,1.0
distil-large-v3,/Users/argussun/Documents/Therfour/third_party/audio_quality_testing_samples/testaudio/48000/test01_20s.wav,noise_combo_mixkit-restaurant-crowd-talking-ambience-444_snr_-5dB,benchmarks/ambient_noise/mixkit-restaurant-crowd-talking-ambience-444.wav,-5.0,24.0,0.0689,0.0029,89,21,en,1.0
distil-large-v3,/Users/argussun/Documents/Therfour/third_party/audio_quality_testing_samples/testaudio/48000/test01_20s.wav,noise_combo_mixkit-restaurant-crowd-talking-ambience-444_snr_-10dB,benchmarks/ambient_noise/mixkit-restaurant-crowd-talking-ambience-444.wav,-10.0,24.0,0.0667,0.0028,0,0,en,1.0
distil-large-v3,/Users/argussun/Documents/Therfour/third_party/audio_quality_testing_samples/testaudio/48000/test01_20s.wav,noise_combo_mixkit-road-traffic-sound-2463_snr_0dB,benchmarks/ambient_noise/mixkit-road-traffic-sound-2463.wav,0.0,24.0,0.0686,0.0029,296,55,en,1.0
distil-large-v3,/Users/argussun/Documents/Therfour/third_party/audio_quality_testing_samples/testaudio/48000/test01_20s.wav,noise_combo_mixkit-road-traffic-sound-2463_snr_-5dB,benchmarks/ambient_noise/mixkit-road-traffic-sound-2463.wav,-5.0,24.0,0.0722,0.003,271,54,en,1.0
distil-large-v3,/Users/argussun/Documents/Therfour/third_party/audio_quality_testing_samples/testaudio/48000/test01_20s.wav,noise_combo_mixkit-road-traffic-sound-2463_snr_-10dB,benchmarks/ambient_noise/mixkit-road-traffic-sound-2463.wav,-10.0,24.0,0.0674,0.0028,78,17,en,1.0
distil-large-v3,/Users/argussun/Documents/Therfour/third_party/audio_quality_testing_samples/testaudio/48000/test01_20s.wav,noise_combo_mixkit-urban-park-and-traffic-2932_snr_0dB,benchmarks/ambient_noise/mixkit-urban-park-and-traffic-2932.wav,0.0,24.0,0.0722,0.003,285,53,en,1.0
distil-large-v3,/Users/argussun/Documents/Therfour/third_party/audio_quality_testing_samples/testaudio/48000/test01_20s.wav,noise_combo_mixkit-urban-park-and-traffic-2932_snr_-5dB,benchmarks/ambient_noise/mixkit-urban-park-and-traffic-2932.wav,-5.0,24.0,0.0712,0.003,322,67,en,1.0
distil-large-v3,/Users/argussun/Documents/Therfour/third_party/audio_quality_testing_samples/testaudio/48000/test01_20s.wav,noise_combo_mixkit-urban-park-and-traffic-2932_snr_-10dB,benchmarks/ambient_noise/mixkit-urban-park-and-traffic-2932.wav,-10.0,24.0,0.0648,0.0027,105,18,en,1.0
distil-large-v3,/Users/argussun/Documents/Therfour/third_party/audio_quality_testing_samples/testaudio/48000/test01_20s.wav,noise_combo_mixkit-very-crowded-pub-or-party-loop-360_snr_0dB,benchmarks/ambient_noise/mixkit-very-crowded-pub-or-party-loop-360.wav,0.0,24.0,0.0704,0.0029,292,60,en,1.0
distil-large-v3,/Users/argussun/Documents/Therfour/third_party/audio_quality_testing_samples/testaudio/48000/test01_20s.wav,noise_combo_mixkit-very-crowded-pub-or-party-loop-360_snr_-5dB,benchmarks/ambient_noise/mixkit-very-crowded-pub-or-party-loop-360.wav,-5.0,24.0,0.0721,0.003,304,64,en,1.0
distil-large-v3,/Users/argussun/Documents/Therfour/third_party/audio_quality_testing_samples/testaudio/48000/test01_20s.wav,noise_combo_mixkit-very-crowded-pub-or-party-loop-360_snr_-10dB,benchmarks/ambient_noise/mixkit-very-crowded-pub-or-party-loop-360.wav,-10.0,24.0,0.067,0.0028,113,27,en,1.0
distil-large-v3,/Users/argussun/Documents/Therfour/third_party/audio_quality_testing_samples/testaudio/48000/test01_20s.wav,noise_combo_mixkit-city-traffic-background-ambience-2930+mixkit-people-in-fair-ambience-and-laughter-368_snr_0dB,benchmarks/ambient_noise/mixkit-city-traffic-background-ambience-2930.wav;benchmarks/ambient_noise/mixkit-people-in-fair-ambience-and-laughter-368.wav,0.0,24.0,0.0709,0.003,292,58,en,1.0
distil-large-v3,/Users/argussun/Documents/Therfour/third_party/audio_quality_testing_samples/testaudio/48000/test01_20s.wav,noise_combo_mixkit-city-traffic-background-ambience-2930+mixkit-people-in-fair-ambience-and-laughter-368_snr_-5dB,benchmarks/ambient_noise/mixkit-city-traffic-background-ambience-2930.wav;benchmarks/ambient_noise/mixkit-people-in-fair-ambience-and-laughter-368.wav,-5.0,24.0,0.0703,0.0029,255,54,en,1.0
distil-large-v3,/Users/argussun/Documents/Therfour/third_party/audio_quality_testing_samples/testaudio/48000/test01_20s.wav,noise_combo_mixkit-city-traffic-background-ambience-2930+mixkit-people-in-fair-ambience-and-laughter-368_snr_-10dB,benchmarks/ambient_noise/mixkit-city-traffic-background-ambience-2930.wav;benchmarks/ambient_noise/mixkit-people-in-fair-ambience-and-laughter-368.wav,-10.0,24.0,0.0676,0.0028,39,8,en,1.0
distil-large-v3,/Users/argussun/Documents/Therfour/third_party/audio_quality_testing_samples/testaudio/48000/test01_20s.wav,noise_combo_mixkit-city-traffic-background-ambience-2930+mixkit-restaurant-crowd-talking-ambience-444_snr_0dB,benchmarks/ambient_noise/mixkit-city-traffic-background-ambience-2930.wav;benchmarks/ambient_noise/mixkit-restaurant-crowd-talking-ambience-444.wav,0.0,24.0,0.071,0.003,303,57,en,1.0
distil-large-v3,/Users/argussun/Documents/Therfour/third_party/audio_quality_testing_samples/testaudio/48000/test01_20s.wav,noise_combo_mixkit-city-traffic-background-ambience-2930+mixkit-restaurant-crowd-talking-ambience-444_snr_-5dB,benchmarks/ambient_noise/mixkit-city-traffic-background-ambience-2930.wav;benchmarks/ambient_noise/mixkit-restaurant-crowd-talking-ambience-444.wav,-5.0,24.0,0.0683,0.0028,120,23,en,1.0
distil-large-v3,/Users/argussun/Documents/Therfour/third_party/audio_quality_testing_samples/testaudio/48000/test01_20s.wav,noise_combo_mixkit-city-traffic-background-ambience-2930+mixkit-restaurant-crowd-talking-ambience-444_snr_-10dB,benchmarks/ambient_noise/mixkit-city-traffic-background-ambience-2930.wav;benchmarks/ambient_noise/mixkit-restaurant-crowd-talking-ambience-444.wav,-10.0,24.0,0.0647,0.0027,10,2,en,1.0
distil-large-v3,/Users/argussun/Documents/Therfour/third_party/audio_quality_testing_samples/testaudio/48000/test01_20s.wav,noise_combo_mixkit-city-traffic-background-ambience-2930+mixkit-road-traffic-sound-2463_snr_0dB,benchmarks/ambient_noise/mixkit-city-traffic-background-ambience-2930.wav;benchmarks/ambient_noise/mixkit-road-traffic-sound-2463.wav,0.0,24.0,0.0716,0.003,299,61,en,1.0
distil-large-v3,/Users/argussun/Documents/Therfour/third_party/audio_quality_testing_samples/testaudio/48000/test01_20s.wav,noise_combo_mixkit-city-traffic-background-ambience-2930+mixkit-road-traffic-sound-2463_snr_-5dB,benchmarks/ambient_noise/mixkit-city-traffic-background-ambience-2930.wav;benchmarks/ambient_noise/mixkit-road-traffic-sound-2463.wav,-5.0,24.0,0.0728,0.003,149,31,en,1.0
distil-large-v3,/Users/argussun/Documents/Therfour/third_party/audio_quality_testing_samples/testaudio/48000/test01_20s.wav,noise_combo_mixkit-city-traffic-background-ambience-2930+mixkit-road-traffic-sound-2463_snr_-10dB,benchmarks/ambient_noise/mixkit-city-traffic-background-ambience-2930.wav;benchmarks/ambient_noise/mixkit-road-traffic-sound-2463.wav,-10.0,24.0,0.0663,0.0028,34,7,en,1.0
distil-large-v3,/Users/argussun/Documents/Therfour/third_party/audio_quality_testing_samples/testaudio/48000/test01_20s.wav,noise_combo_mixkit-city-traffic-background-ambience-2930+mixkit-urban-park-and-traffic-2932_snr_0dB,benchmarks/ambient_noise/mixkit-city-traffic-background-ambience-2930.wav;benchmarks/ambient_noise/mixkit-urban-park-and-traffic-2932.wav,0.0,24.0,0.0736,0.0031,290,55,en,1.0
distil-large-v3,/Users/argussun/Documents/Therfour/third_party/audio_quality_testing_samples/testaudio/48000/test01_20s.wav,noise_combo_mixkit-city-traffic-background-ambience-2930+mixkit-urban-park-and-traffic-2932_snr_-5dB,benchmarks/ambient_noise/mixkit-city-traffic-background-ambience-2930.wav;benchmarks/ambient_noise/mixkit-urban-park-and-traffic-2932.wav,-5.0,24.0,0.0682,0.0028,282,54,en,1.0
distil-large-v3,/Users/argussun/Documents/Therfour/third_party/audio_quality_testing_samples/testaudio/48000/test01_20s.wav,noise_combo_mixkit-city-traffic-background-ambience-2930+mixkit-urban-park-and-traffic-2932_snr_-10dB,benchmarks/ambient_noise/mixkit-city-traffic-background-ambience-2930.wav;benchmarks/ambient_noise/mixkit-urban-park-and-traffic-2932.wav,-10.0,24.0,0.0685,0.0029,63,11,en,1.0
distil-large-v3,/Users/argussun/Documents/Therfour/third_party/audio_quality_testing_samples/testaudio/48000/test01_20s.wav,noise_combo_mixkit-city-traffic-background-ambience-2930+mixkit-very-crowded-pub-or-party-loop-360_snr_0dB,benchmarks/ambient_noise/mixkit-city-traffic-background-ambience-2930.wav;benchmarks/ambient_noise/mixkit-very-crowded-pub-or-party-loop-360.wav,0.0,24.0,0.0698,0.0029,303,63,en,1.0
distil-large-v3,/Users/argussun/Documents/Therfour/third_party/audio_quality_testing_samples/testaudio/48000/test01_20s.wav,noise_combo_mixkit-city-traffic-background-ambience-2930+mixkit-very-crowded-pub-or-party-loop-360_snr_-5dB,benchmarks/ambient_noise/mixkit-city-traffic-background-ambience-2930.wav;benchmarks/ambient_noise/mixkit-very-crowded-pub-or-party-loop-360.wav,-5.0,24.0,0.0721,0.003,221,47,en,1.0
distil-large-v3,/Users/argussun/Documents/Therfour/third_party/audio_quality_testing_samples/testaudio/48000/test01_20s.wav,noise_combo_mixkit-city-traffic-background-ambience-2930+mixkit-very-crowded-pub-or-party-loop-360_snr_-10dB,benchmarks/ambient_noise/mixkit-city-traffic-background-ambience-2930.wav;benchmarks/ambient_noise/mixkit-very-crowded-pub-or-party-loop-360.wav,-10.0,24.0,0.0629,0.0026,23,5,en,1.0
distil-large-v3,/Users/argussun/Documents/Therfour/third_party/audio_quality_testing_samples/testaudio/48000/test01_20s.wav,noise_combo_mixkit-people-in-fair-ambience-and-laughter-368+mixkit-restaurant-crowd-talking-ambience-444_snr_0dB,benchmarks/ambient_noise/mixkit-people-in-fair-ambience-and-laughter-368.wav;benchmarks/ambient_noise/mixkit-restaurant-crowd-talking-ambience-444.wav,0.0,24.0,0.0726,0.003,283,52,en,1.0
distil-large-v3,/Users/argussun/Documents/Therfour/third_party/audio_quality_testing_samples/testaudio/48000/test01_20s.wav,noise_combo_mixkit-people-in-fair-ambience-and-laughter-368+mixkit-restaurant-crowd-talking-ambience-444_snr_-5dB,benchmarks/ambient_noise/mixkit-people-in-fair-ambience-and-laughter-368.wav;benchmarks/ambient_noise/mixkit-restaurant-crowd-talking-ambience-444.wav,-5.0,24.0,0.0704,0.0029,152,31,en,1.0
distil-large-v3,/Users/argussun/Documents/Therfour/third_party/audio_quality_testing_samples/testaudio/48000/test01_20s.wav,noise_combo_mixkit-people-in-fair-ambience-and-laughter-368+mixkit-restaurant-crowd-talking-ambience-444_snr_-10dB,benchmarks/ambient_noise/mixkit-people-in-fair-ambience-and-laughter-368.wav;benchmarks/ambient_noise/mixkit-restaurant-crowd-talking-ambience-444.wav,-10.0,24.0,0.066,0.0028,0,0,en,1.0
distil-large-v3,/Users/argussun/Documents/Therfour/third_party/audio_quality_testing_samples/testaudio/48000/test01_20s.wav,edge_very_low_speech,,,24.0,0.066,0.0028,279,54,en,1.0
distil-large-v3,/Users/argussun/Documents/Therfour/third_party/audio_quality_testing_samples/testaudio/48000/test01_20s.wav,edge_clipped,,,24.0,0.0713,0.003,279,54,en,1.0
distil-large-v3,/Users/argussun/Documents/Therfour/third_party/audio_quality_testing_samples/testaudio/48000/test01_20s.wav,edge_leading_noise_2s,benchmarks/ambient_noise/mixkit-city-traffic-background-ambience-2930.wav,,26.0,0.0755,0.0029,279,54,en,1.0
distil-large-v3,/Users/argussun/Documents/Therfour/third_party/audio_quality_testing_samples/testaudio/8000/test01_20s.wav,clean,,,24.0,0.061,0.0025,280,54,en,1.0
distil-large-v3,/Users/argussun/Documents/Therfour/third_party/audio_quality_testing_samples/testaudio/8000/test01_20s.wav,noise_combo_mixkit-city-traffic-background-ambience-2930_snr_0dB,benchmarks/ambient_noise/mixkit-city-traffic-background-ambience-2930.wav,0.0,24.0,0.0663,0.0028,333,67,en,1.0
distil-large-v3,/Users/argussun/Documents/Therfour/third_party/audio_quality_testing_samples/testaudio/8000/test01_20s.wav,noise_combo_mixkit-city-traffic-background-ambience-2930_snr_-5dB,benchmarks/ambient_noise/mixkit-city-traffic-background-ambience-2930.wav,-5.0,24.0,0.0703,0.0029,115,18,en,1.0
distil-large-v3,/Users/argussun/Documents/Therfour/third_party/audio_quality_testing_samples/testaudio/8000/test01_20s.wav,noise_combo_mixkit-city-traffic-background-ambience-2930_snr_-10dB,benchmarks/ambient_noise/mixkit-city-traffic-background-ambience-2930.wav,-10.0,24.0,0.0664,0.0028,56,12,en,1.0
distil-large-v3,/Users/argussun/Documents/Therfour/third_party/audio_quality_testing_samples/testaudio/8000/test01_20s.wav,noise_combo_mixkit-people-in-fair-ambience-and-laughter-368_snr_0dB,benchmarks/ambient_noise/mixkit-people-in-fair-ambience-and-laughter-368.wav,0.0,24.0,0.0696,0.0029,281,52,en,1.0
distil-large-v3,/Users/argussun/Documents/Therfour/third_party/audio_quality_testing_samples/testaudio/8000/test01_20s.wav,noise_combo_mixkit-people-in-fair-ambience-and-laughter-368_snr_-5dB,benchmarks/ambient_noise/mixkit-people-in-fair-ambience-and-laughter-368.wav,-5.0,24.0,0.0707,0.0029,199,36,en,1.0
distil-large-v3,/Users/argussun/Documents/Therfour/third_party/audio_quality_testing_samples/testaudio/8000/test01_20s.wav,noise_combo_mixkit-people-in-fair-ambience-and-laughter-368_snr_-10dB,benchmarks/ambient_noise/mixkit-people-in-fair-ambience-and-laughter-368.wav,-10.0,24.0,0.0647,0.0027,10,2,en,1.0
distil-large-v3,/Users/argussun/Documents/Therfour/third_party/audio_quality_testing_samples/testaudio/8000/test01_20s.wav,noise_combo_mixkit-restaurant-crowd-talking-ambience-444_snr_0dB,benchmarks/ambient_noise/mixkit-restaurant-crowd-talking-ambience-444.wav,0.0,24.0,0.0751,0.0031,291,56,en,1.0
distil-large-v3,/Users/argussun/Documents/Therfour/third_party/audio_quality_testing_samples/testaudio/8000/test01_20s.wav,noise_combo_mixkit-restaurant-crowd-talking-ambience-444_snr_-5dB,benchmarks/ambient_noise/mixkit-restaurant-crowd-talking-ambience-444.wav,-5.0,24.0,0.0677,0.0028,27,7,en,1.0
distil-large-v3,/Users/argussun/Documents/Therfour/third_party/audio_quality_testing_samples/testaudio/8000/test01_20s.wav,noise_combo_mixkit-restaurant-crowd-talking-ambience-444_snr_-10dB,benchmarks/ambient_noise/mixkit-restaurant-crowd-talking-ambience-444.wav,-10.0,24.0,0.0681,0.0028,0,0,en,1.0
distil-large-v3,/Users/argussun/Documents/Therfour/third_party/audio_quality_testing_samples/testaudio/8000/test01_20s.wav,noise_combo_mixkit-road-traffic-sound-2463_snr_0dB,benchmarks/ambient_noise/mixkit-road-traffic-sound-2463.wav,0.0,24.0,0.0692,0.0029,295,55,en,1.0
distil-large-v3,/Users/argussun/Documents/Therfour/third_party/audio_quality_testing_samples/testaudio/8000/test01_20s.wav,noise_combo_mixkit-road-traffic-sound-2463_snr_-5dB,benchmarks/ambient_noise/mixkit-road-traffic-sound-2463.wav,-5.0,24.0,0.0727,0.003,258,52,en,1.0
distil-large-v3,/Users/argussun/Documents/Therfour/third_party/audio_quality_testing_samples/testaudio/8000/test01_20s.wav,noise_combo_mixkit-road-traffic-sound-2463_snr_-10dB,benchmarks/ambient_noise/mixkit-road-traffic-sound-2463.wav,-10.0,24.0,0.069,0.0029,102,19,en,1.0
distil-large-v3,/Users/argussun/Documents/Therfour/third_party/audio_quality_testing_samples/testaudio/8000/test01_20s.wav,noise_combo_mixkit-urban-park-and-traffic-2932_snr_0dB,benchmarks/ambient_noise/mixkit-urban-park-and-traffic-2932.wav,0.0,24.0,0.0729,0.003,287,52,en,1.0
distil-large-v3,/Users/argussun/Documents/Therfour/third_party/audio_quality_testing_samples/testaudio/8000/test01_20s.wav,noise_combo_mixkit-urban-park-and-traffic-2932_snr_-5dB,benchmarks/ambient_noise/mixkit-urban-park-and-traffic-2932.wav,-5.0,24.0,0.0704,0.0029,297,62,en,1.0
distil-large-v3,/Users/argussun/Documents/Therfour/third_party/audio_quality_testing_samples/testaudio/8000/test01_20s.wav,noise_combo_mixkit-urban-park-and-traffic-2932_snr_-10dB,benchmarks/ambient_noise/mixkit-urban-park-and-traffic-2932.wav,-10.0,24.0,0.0662,0.0028,92,16,en,1.0
distil-large-v3,/Users/argussun/Documents/Therfour/third_party/audio_quality_testing_samples/testaudio/8000/test01_20s.wav,noise_combo_mixkit-very-crowded-pub-or-party-loop-360_snr_0dB,benchmarks/ambient_noise/mixkit-very-crowded-pub-or-party-loop-360.wav,0.0,24.0,0.0711,0.003,295,59,en,1.0
distil-large-v3,/Users/argussun/Documents/Therfour/third_party/audio_quality_testing_samples/testaudio/8000/test01_20s.wav,noise_combo_mixkit-very-crowded-pub-or-party-loop-360_snr_-5dB,benchmarks/ambient_noise/mixkit-very-crowded-pub-or-party-loop-360.wav,-5.0,24.0,0.0724,0.003,305,67,en,1.0
distil-large-v3,/Users/argussun/Documents/Therfour/third_party/audio_quality_testing_samples/testaudio/8000/test01_20s.wav,noise_combo_mixkit-very-crowded-pub-or-party-loop-360_snr_-10dB,benchmarks/ambient_noise/mixkit-very-crowded-pub-or-party-loop-360.wav,-10.0,24.0,0.0667,0.0028,35,6,en,1.0
distil-large-v3,/Users/argussun/Documents/Therfour/third_party/audio_quality_testing_samples/testaudio/8000/test01_20s.wav,noise_combo_mixkit-city-traffic-background-ambience-2930+mixkit-people-in-fair-ambience-and-laughter-368_snr_0dB,benchmarks/ambient_noise/mixkit-city-traffic-background-ambience-2930.wav;benchmarks/ambient_noise/mixkit-people-in-fair-ambience-and-laughter-368.wav,0.0,24.0,0.0729,0.003,266,55,en,1.0
distil-large-v3,/Users/argussun/Documents/Therfour/third_party/audio_quality_testing_samples/testaudio/8000/test01_20s.wav,noise_combo_mixkit-city-traffic-background-ambience-2930+mixkit-people-in-fair-ambience-and-laughter-368_snr_-5dB,benchmarks/ambient_noise/mixkit-city-traffic-background-ambience-2930.wav;benchmarks/ambient_noise/mixkit-people-in-fair-ambience-and-laughter-368.wav,-5.0,24.0,0.0731,0.003,102,13,en,1.0
distil-large-v3,/Users/argussun/Documents/Therfour/third_party/audio_quality_testing_samples/testaudio/8000/test01_20s.wav,noise_combo_mixkit-city-traffic-background-ambience-2930+mixkit-people-in-fair-ambience-and-laughter-368_snr_-10dB,benchmarks/ambient_noise/mixkit-city-traffic-background-ambience-2930.wav;benchmarks/ambient_noise/mixkit-people-in-fair-ambience-and-laughter-368.wav,-10.0,24.0,0.0679,0.0028,33,7,en,1.0
distil-large-v3,/Users/argussun/Documents/Therfour/third_party/audio_quality_testing_samples/testaudio/8000/test01_20s.wav,noise_combo_mixkit-city-traffic-background-ambience-2930+mixkit-restaurant-crowd-talking-ambience-444_snr_0dB,benchmarks/ambient_noise/mixkit-city-traffic-background-ambience-2930.wav;benchmarks/ambient_noise/mixkit-restaurant-crowd-talking-ambience-444.wav,0.0,24.0,0.0697,0.0029,306,59,en,1.0
distil-large-v3,/Users/argussun/Documents/Therfour/third_party/audio_quality_testing_samples/testaudio/8000/test01_20s.wav,noise_combo_mixkit-city-traffic-background-ambience-2930+mixkit-restaurant-crowd-talking-ambience-444_snr_-5dB,benchmarks/ambient_noise/mixkit-city-traffic-background-ambience-2930.wav;benchmarks/ambient_noise/mixkit-restaurant-crowd-talking-ambience-444.wav,-5.0,24.0,0.0688,0.0029,116,21,en,1.0
distil-large-v3,/Users/argussun/Documents/Therfour/third_party/audio_quality_testing_samples/testaudio/8000/test01_20s.wav,noise_combo_mixkit-city-traffic-background-ambience-2930+mixkit-restaurant-crowd-talking-ambience-444_snr_-10dB,benchmarks/ambient_noise/mixkit-city-traffic-background-ambience-2930.wav;benchmarks/ambient_noise/mixkit-restaurant-crowd-talking-ambience-444.wav,-10.0,24.0,0.067,0.0028,10,2,en,1.0
distil-large-v3,/Users/argussun/Documents/Therfour/third_party/audio_quality_testing_samples/testaudio/8000/test01_20s.wav,noise_combo_mixkit-city-traffic-background-ambience-2930+mixkit-road-traffic-sound-2463_snr_0dB,benchmarks/ambient_noise/mixkit-city-traffic-background-ambience-2930.wav;benchmarks/ambient_noise/mixkit-road-traffic-sound-2463.wav,0.0,24.0,0.0722,0.003,294,60,en,1.0
distil-large-v3,/Users/argussun/Documents/Therfour/third_party/audio_quality_testing_samples/testaudio/8000/test01_20s.wav,noise_combo_mixkit-city-traffic-background-ambience-2930+mixkit-road-traffic-sound-2463_snr_-5dB,benchmarks/ambient_noise/mixkit-city-traffic-background-ambience-2930.wav;benchmarks/ambient_noise/mixkit-road-traffic-sound-2463.wav,-5.0,24.0,0.0712,0.003,109,21,en,1.0
distil-large-v3,/Users/argussun/Documents/Therfour/third_party/audio_quality_testing_samples/testaudio/8000/test01_20s.wav,noise_combo_mixkit-city-traffic-background-ambience-2930+mixkit-road-traffic-sound-2463_snr_-10dB,benchmarks/ambient_noise/mixkit-city-traffic-background-ambience-2930.wav;benchmarks/ambient_noise/mixkit-road-traffic-sound-2463.wav,-10.0,24.0,0.066,0.0028,30,6,en,1.0
distil-large-v3,/Users/argussun/Documents/Therfour/third_party/audio_quality_testing_samples/testaudio/8000/test01_20s.wav,noise_combo_mixkit-city-traffic-background-ambience-2930+mixkit-urban-park-and-traffic-2932_snr_0dB,benchmarks/ambient_noise/mixkit-city-traffic-background-ambience-2930.wav;benchmarks/ambient_noise/mixkit-urban-park-and-traffic-2932.wav,0.0,24.0,0.0734,0.0031,291,57,en,1.0
distil-large-v3,/Users/argussun/Documents/Therfour/third_party/audio_quality_testing_samples/testaudio/8000/test01_20s.wav,noise_combo_mixkit-city-traffic-background-ambience-2930+mixkit-urban-park-and-traffic-2932_snr_-5dB,benchmarks/ambient_noise/mixkit-city-traffic-background-ambience-2930.wav;benchmarks/ambient_noise/mixkit-urban-park-and-traffic-2932.wav,-5.0,24.0,0.0713,0.003,313,63,en,1.0
distil-large-v3,/Users/argussun/Documents/Therfour/third_party/audio_quality_testing_samples/testaudio/8000/test01_20s.wav,noise_combo_mixkit-city-traffic-background-ambience-2930+mixkit-urban-park-and-traffic-2932_snr_-10dB,benchmarks/ambient_noise/mixkit-city-traffic-background-ambience-2930.wav;benchmarks/ambient_noise/mixkit-urban-park-and-traffic-2932.wav,-10.0,24.0,0.0663,0.0028,66,12,en,1.0
distil-large-v3,/Users/argussun/Documents/Therfour/third_party/audio_quality_testing_samples/testaudio/8000/test01_20s.wav,noise_combo_mixkit-city-traffic-background-ambience-2930+mixkit-very-crowded-pub-or-party-loop-360_snr_0dB,benchmarks/ambient_noise/mixkit-city-traffic-background-ambience-2930.wav;benchmarks/ambient_noise/mixkit-very-crowded-pub-or-party-loop-360.wav,0.0,24.0,0.0739,0.0031,301,63,en,1.0
distil-large-v3,/Users/argussun/Documents/Therfour/third_party/audio_quality_testing_samples/testaudio/8000/test01_20s.wav,noise_combo_mixkit-city-traffic-background-ambience-2930+mixkit-very-crowded-pub-or-party-loop-360_snr_-5dB,benchmarks/ambient_noise/mixkit-city-traffic-background-ambience-2930.wav;benchmarks/ambient_noise/mixkit-very-crowded-pub-or-party-loop-360.wav,-5.0,24.0,0.068,0.0028,125,19,en,1.0
distil-large-v3,/Users/argussun/Documents/Therfour/third_party/audio_quality_testing_samples/testaudio/8000/test01_20s.wav,noise_combo_mixkit-city-traffic-background-ambience-2930+mixkit-very-crowded-pub-or-party-loop-360_snr_-10dB,benchmarks/ambient_noise/mixkit-city-traffic-background-ambience-2930.wav;benchmarks/ambient_noise/mixkit-very-crowded-pub-or-party-loop-360.wav,-10.0,24.0,0.0673,0.0028,19,4,en,1.0
distil-large-v3,/Users/argussun/Documents/Therfour/third_party/audio_quality_testing_samples/testaudio/8000/test01_20s.wav,noise_combo_mixkit-people-in-fair-ambience-and-laughter-368+mixkit-restaurant-crowd-talking-ambience-444_snr_0dB,benchmarks/ambient_noise/mixkit-people-in-fair-ambience-and-laughter-368.wav;benchmarks/ambient_noise/mixkit-restaurant-crowd-talking-ambience-444.wav,0.0,24.0,0.0691,0.0029,281,48,en,1.0
distil-large-v3,/Users/argussun/Documents/Therfour/third_party/audio_quality_testing_samples/testaudio/8000/test01_20s.wav,noise_combo_mixkit-people-in-fair-ambience-and-laughter-368+mixkit-restaurant-crowd-talking-ambience-444_snr_-5dB,benchmarks/ambient_noise/mixkit-people-in-fair-ambience-and-laughter-368.wav;benchmarks/ambient_noise/mixkit-restaurant-crowd-talking-ambience-444.wav,-5.0,24.0,0.0664,0.0028,195,31,en,1.0
distil-large-v3,/Users/argussun/Documents/Therfour/third_party/audio_quality_testing_samples/testaudio/8000/test01_20s.wav,noise_combo_mixkit-people-in-fair-ambience-and-laughter-368+mixkit-restaurant-crowd-talking-ambience-444_snr_-10dB,benchmarks/ambient_noise/mixkit-people-in-fair-ambience-and-laughter-368.wav;benchmarks/ambient_noise/mixkit-restaurant-crowd-talking-ambience-444.wav,-10.0,24.0,0.0661,0.0028,0,0,en,1.0
distil-large-v3,/Users/argussun/Documents/Therfour/third_party/audio_quality_testing_samples/testaudio/8000/test01_20s.wav,edge_very_low_speech,,,24.0,0.065,0.0027,279,54,en,1.0
distil-large-v3,/Users/argussun/Documents/Therfour/third_party/audio_quality_testing_samples/testaudio/8000/test01_20s.wav,edge_clipped,,,24.0,0.0717,0.003,291,54,en,1.0
distil-large-v3,/Users/argussun/Documents/Therfour/third_party/audio_quality_testing_samples/testaudio/8000/test01_20s.wav,edge_leading_noise_2s,benchmarks/ambient_noise/mixkit-city-traffic-background-ambience-2930.wav,,26.0,0.0753,0.0029,279,54,en,1.0
