model,file_path,scenario,noise_file,target_snr_db,duration_s,elapsed_s,rtf,text_chars,text_words,language,language_probability,robustness_score,robustness_reference_chars
small,/Users/argussun/Documents/Therfour/third_party/audio_quality_testing_samples/testaudio/16000/test01_20s.wav,clean,,,24.0,0.1364,0.0057,292,54,en,1.0,1.0,292
small,/Users/argussun/Documents/Therfour/third_party/audio_quality_testing_samples/testaudio/16000/test01_20s.wav,noise_combo_mixkit-city-traffic-background-ambience-2930_snr_0dB,benchmarks/ambient_noise/mixkit-city-traffic-background-ambience-2930.wav,0.0,24.0,0.0609,0.0025,340,69,en,1.0,0.094,292
small,/Users/argussun/Documents/Therfour/third_party/audio_quality_testing_samples/testaudio/16000/test01_20s.wav,noise_combo_mixkit-city-traffic-background-ambience-2930_snr_-5dB,benchmarks/ambient_noise/mixkit-city-traffic-background-ambience-2930.wav,-5.0,24.0,0.0593,0.0025,205,42,en,1.0,0.3766,292
small,/Users/argussun/Documents/Therfour/third_party/audio_quality_testing_samples/testaudio/16000/test01_20s.wav,noise_combo_mixkit-city-traffic-background-ambience-2930_snr_-10dB,benchmarks/ambient_noise/mixkit-city-traffic-background-ambience-2930.wav,-10.0,24.0,0.0582,0.0024,52,10,en,1.0,0.1091,292
small,/Users/argussun/Documents/Therfour/third_party/audio_quality_testing_samples/testaudio/16000/test01_20s.wav,noise_combo_mixkit-people-in-fair-ambience-and-laughter-368_snr_0dB,benchmarks/ambient_noise/mixkit-people-in-fair-ambience-and-laughter-368.wav,0.0,24.0,0.0625,0.0026,304,58,en,1.0,0.0743,292
small,/Users/argussun/Documents/Therfour/third_party/audio_quality_testing_samples/testaudio/16000/test01_20s.wav,noise_combo_mixkit-people-in-fair-ambience-and-laughter-368_snr_-5dB,benchmarks/ambient_noise/mixkit-people-in-fair-ambience-and-laughter-368.wav,-5.0,24.0,0.0598,0.0025,238,47,en,1.0,0.0277,292
small,/Users/argussun/Documents/Therfour/third_party/audio_quality_testing_samples/testaudio/16000/test01_20s.wav,noise_combo_mixkit-people-in-fair-ambience-and-laughter-368_snr_-10dB,benchmarks/ambient_noise/mixkit-people-in-fair-ambience-and-laughter-368.wav,-10.0,24.0,0.0589,0.0025,0,0,en,1.0,0.0,292
small,/Users/argussun/Documents/Therfour/third_party/audio_quality_testing_samples/testaudio/16000/test01_20s.wav,noise_combo_mixkit-restaurant-crowd-talking-ambience-444_snr_0dB,benchmarks/ambient_noise/mixkit-restaurant-crowd-talking-ambience-444.wav,0.0,24.0,0.0614,0.0026,285,57,en,1.0,0.0894,292
small,/Users/argussun/Documents/Therfour/third_party/audio_quality_testing_samples/testaudio/16000/test01_20s.wav,noise_combo_mixkit-restaurant-crowd-talking-ambience-444_snr_-5dB,benchmarks/ambient_noise/mixkit-restaurant-crowd-talking-ambience-444.wav,-5.0,24.0,0.0607,0.0025,88,19,en,1.0,0.2418,292
small,/Users/argussun/Documents/Therfour/third_party/audio_quality_testing_samples/testaudio/16000/test01_20s.wav,noise_combo_mixkit-restaurant-crowd-talking-ambience-444_snr_-10dB,benchmarks/ambient_noise/mixkit-restaurant-crowd-talking-ambience-444.wav,-10.0,24.0,0.0572,0.0024,0,0,en,1.0,0.0,292
small,/Users/argussun/Documents/Therfour/third_party/audio_quality_testing_samples/testaudio/16000/test01_20s.wav,noise_combo_mixkit-road-traffic-sound-2463_snr_0dB,benchmarks/ambient_noise/mixkit-road-traffic-sound-2463.wav,0.0,24.0,0.0611,0.0025,295,57,en,1.0,0.6679,292
small,/Users/argussun/Documents/Therfour/third_party/audio_quality_testing_samples/testaudio/16000/test01_20s.wav,noise_combo_mixkit-road-traffic-sound-2463_snr_-5dB,benchmarks/ambient_noise/mixkit-road-traffic-sound-2463.wav,-5.0,24.0,0.0677,0.0028,310,60,en,1.0,0.338,292
small,/Users/argussun/Documents/Therfour/third_party/audio_quality_testing_samples/testaudio/16000/test01_20s.wav,noise_combo_mixkit-road-traffic-sound-2463_snr_-10dB,benchmarks/ambient_noise/mixkit-road-traffic-sound-2463.wav,-10.0,24.0,0.0576,0.0024,76,15,en,1.0,0.3095,292
small,/Users/argussun/Documents/Therfour/third_party/audio_quality_testing_samples/testaudio/16000/test01_20s.wav,noise_combo_mixkit-urban-park-and-traffic-2932_snr_0dB,benchmarks/ambient_noise/mixkit-urban-park-and-traffic-2932.wav,0.0,24.0,0.0605,0.0025,300,58,en,1.0,0.3494,292
small,/Users/argussun/Documents/Therfour/third_party/audio_quality_testing_samples/testaudio/16000/test01_20s.wav,noise_combo_mixkit-urban-park-and-traffic-2932_snr_-5dB,benchmarks/ambient_noise/mixkit-urban-park-and-traffic-2932.wav,-5.0,24.0,0.0926,0.0039,50,9,en,1.0,0.2439,292
small,/Users/argussun/Documents/Therfour/third_party/audio_quality_testing_samples/testaudio/16000/test01_20s.wav,noise_combo_mixkit-urban-park-and-traffic-2932_snr_-10dB,benchmarks/ambient_noise/mixkit-urban-park-and-traffic-2932.wav,-10.0,24.0,0.058,0.0024,106,22,en,1.0,0.3246,292
small,/Users/argussun/Documents/Therfour/third_party/audio_quality_testing_samples/testaudio/16000/test01_20s.wav,noise_combo_mixkit-very-crowded-pub-or-party-loop-360_snr_0dB,benchmarks/ambient_noise/mixkit-very-crowded-pub-or-party-loop-360.wav,0.0,24.0,0.0599,0.0025,311,63,en,1.0,0.0864,292
small,/Users/argussun/Documents/Therfour/third_party/audio_quality_testing_samples/testaudio/16000/test01_20s.wav,noise_combo_mixkit-very-crowded-pub-or-party-loop-360_snr_-5dB,benchmarks/ambient_noise/mixkit-very-crowded-pub-or-party-loop-360.wav,-5.0,24.0,0.0601,0.0025,308,66,en,1.0,0.0761,292
small,/Users/argussun/Documents/Therfour/third_party/audio_quality_testing_samples/testaudio/16000/test01_20s.wav,noise_combo_mixkit-very-crowded-pub-or-party-loop-360_snr_-10dB,benchmarks/ambient_noise/mixkit-very-crowded-pub-or-party-loop-360.wav,-10.0,24.0,0.0577,0.0024,0,0,en,1.0,0.0,292
small,/Users/argussun/Documents/Therfour/third_party/audio_quality_testing_samples/testaudio/16000/test01_20s.wav,noise_combo_mixkit-city-traffic-background-ambience-2930+mixkit-people-in-fair-ambience-and-laughter-368_snr_0dB,benchmarks/ambient_noise/mixkit-city-traffic-background-ambience-2930.wav;benchmarks/ambient_noise/mixkit-people-in-fair-ambience-and-laughter-368.wav,0.0,24.0,0.0601,0.0025,296,60,en,1.0,0.1935,292
small,/Users/argussun/Documents/Therfour/third_party/audio_quality_testing_samples/testaudio/16000/test01_20s.wav,noise_combo_mixkit-city-traffic-background-ambience-2930+mixkit-people-in-fair-ambience-and-laughter-368_snr_-5dB,benchmarks/ambient_noise/mixkit-city-traffic-background-ambience-2930.wav;benchmarks/ambient_noise/mixkit-people-in-fair-ambience-and-laughter-368.wav,-5.0,24.0,0.0596,0.0025,261,54,en,1.0,0.0188,292
small,/Users/argussun/Documents/Therfour/third_party/audio_quality_testing_samples/testaudio/16000/test01_20s.wav,noise_combo_mixkit-city-traffic-background-ambience-2930+mixkit-people-in-fair-ambience-and-laughter-368_snr_-10dB,benchmarks/ambient_noise/mixkit-city-traffic-background-ambience-2930.wav;benchmarks/ambient_noise/mixkit-people-in-fair-ambience-and-laughter-368.wav,-10.0,24.0,0.0568,0.0024,10,2,en,1.0,0.0417,292
small,/Users/argussun/Documents/Therfour/third_party/audio_quality_testing_samples/testaudio/16000/test01_20s.wav,noise_combo_mixkit-city-traffic-background-ambience-2930+mixkit-restaurant-crowd-talking-ambience-444_snr_0dB,benchmarks/ambient_noise/mixkit-city-traffic-background-ambience-2930.wav;benchmarks/ambient_noise/mixkit-restaurant-crowd-talking-ambience-444.wav,0.0,24.0,0.0604,0.0025,322,66,en,1.0,0.0778,292
small,/Users/argussun/Documents/Therfour/third_party/audio_quality_testing_samples/testaudio/16000/test01_20s.wav,noise_combo_mixkit-city-traffic-background-ambience-2930+mixkit-restaurant-crowd-talking-ambience-444_snr_-5dB,benchmarks/ambient_noise/mixkit-city-traffic-background-ambience-2930.wav;benchmarks/ambient_noise/mixkit-restaurant-crowd-talking-ambience-444.wav,-5.0,24.0,0.0582,0.0024,109,23,en,1.0,0.2649,292
small,/Users/argussun/Documents/Therfour/third_party/audio_quality_testing_samples/testaudio/16000/test01_20s.wav,noise_combo_mixkit-city-traffic-background-ambience-2930+mixkit-restaurant-crowd-talking-ambience-444_snr_-10dB,benchmarks/ambient_noise/mixkit-city-traffic-background-ambience-2930.wav;benchmarks/ambient_noise/mixkit-restaurant-crowd-talking-ambience-444.wav,-10.0,24.0,0.0591,0.0025,0,0,en,1.0,0.0,292
small,/Users/argussun/Documents/Therfour/third_party/audio_quality_testing_samples/testaudio/16000/test01_20s.wav,noise_combo_mixkit-city-traffic-background-ambience-2930+mixkit-road-traffic-sound-2463_snr_0dB,benchmarks/ambient_noise/mixkit-city-traffic-background-ambience-2930.wav;benchmarks/ambient_noise/mixkit-road-traffic-sound-2463.wav,0.0,24.0,0.061,0.0025,334,64,en,1.0,0.1233,292
small,/Users/argussun/Documents/Therfour/third_party/audio_quality_testing_samples/testaudio/16000/test01_20s.wav,noise_combo_mixkit-city-traffic-background-ambience-2930+mixkit-road-traffic-sound-2463_snr_-5dB,benchmarks/ambient_noise/mixkit-city-traffic-background-ambience-2930.wav;benchmarks/ambient_noise/mixkit-road-traffic-sound-2463.wav,-5.0,24.0,0.0601,0.0025,503,112,en,1.0,0.0391,292
small,/Users/argussun/Documents/Therfour/third_party/audio_quality_testing_samples/testaudio/16000/test01_20s.wav,noise_combo_mixkit-city-traffic-background-ambience-2930+mixkit-road-traffic-sound-2463_snr_-10dB,benchmarks/ambient_noise/mixkit-city-traffic-background-ambience-2930.wav;benchmarks/ambient_noise/mixkit-road-traffic-sound-2463.wav,-10.0,24.0,0.057,0.0024,40,8,en,1.0,0.1009,292
small,/Users/argussun/Documents/Therfour/third_party/audio_quality_testing_samples/testaudio/16000/test01_20s.wav,noise_combo_mixkit-city-traffic-background-ambience-2930+mixkit-urban-park-and-traffic-2932_snr_0dB,benchmarks/ambient_noise/mixkit-city-traffic-background-ambience-2930.wav;benchmarks/ambient_noise/mixkit-urban-park-and-traffic-2932.wav,0.0,24.0,0.0606,0.0025,325,66,en,1.0,0.2064,292
small,/Users/argussun/Documents/Therfour/third_party/audio_quality_testing_samples/testaudio/16000/test01_20s.wav,noise_combo_mixkit-city-traffic-background-ambience-2930+mixkit-urban-park-and-traffic-2932_snr_-5dB,benchmarks/ambient_noise/mixkit-city-traffic-background-ambience-2930.wav;benchmarks/ambient_noise/mixkit-urban-park-and-traffic-2932.wav,-5.0,24.0,0.0602,0.0025,101,18,en,1.0,0.3378,292
small,/Users/argussun/Documents/Therfour/third_party/audio_quality_testing_samples/testaudio/16000/test01_20s.wav,noise_combo_mixkit-city-traffic-background-ambience-2930+mixkit-urban-park-and-traffic-2932_snr_-10dB,benchmarks/ambient_noise/mixkit-city-traffic-background-ambience-2930.wav;benchmarks/ambient_noise/mixkit-urban-park-and-traffic-2932.wav,-10.0,24.0,0.0577,0.0024,50,11,en,1.0,0.1656,292
small,/Users/argussun/Documents/Therfour/third_party/audio_quality_testing_samples/testaudio/16000/test01_20s.wav,noise_combo_mixkit-city-traffic-background-ambience-2930+mixkit-very-crowded-pub-or-party-loop-360_snr_0dB,benchmarks/ambient_noise/mixkit-city-traffic-background-ambience-2930.wav;benchmarks/ambient_noise/mixkit-very-crowded-pub-or-party-loop-360.wav,0.0,24.0,0.0609,0.0025,339,69,en,1.0,0.093,292
small,/Users/argussun/Documents/Therfour/third_party/audio_quality_testing_samples/testaudio/16000/test01_20s.wav,noise_combo_mixkit-city-traffic-background-ambience-2930+mixkit-very-crowded-pub-or-party-loop-360_snr_-5dB,benchmarks/ambient_noise/mixkit-city-traffic-background-ambience-2930.wav;benchmarks/ambient_noise/mixkit-very-crowded-pub-or-party-loop-360.wav,-5.0,24.0,0.06,0.0025,102,22,en,1.0,0.2865,292
small,/Users/argussun/Documents/Therfour/third_party/audio_quality_testing_samples/testaudio/16000/test01_20s.wav,noise_combo_mixkit-city-traffic-background-ambience-2930+mixkit-very-crowded-pub-or-party-loop-360_snr_-10dB,benchmarks/ambient_noise/mixkit-city-traffic-background-ambience-2930.wav;benchmarks/ambient_noise/mixkit-very-crowded-pub-or-party-loop-360.wav,-10.0,24.0,0.0568,0.0024,0,0,en,1.0,0.0,292
small,/Users/argussun/Documents/Therfour/third_party/audio_quality_testing_samples/testaudio/16000/test01_20s.wav,noise_combo_mixkit-people-in-fair-ambience-and-laughter-368+mixkit-restaurant-crowd-talking-ambience-444_snr_0dB,benchmarks/ambient_noise/mixkit-people-in-fair-ambience-and-laughter-368.wav;benchmarks/ambient_noise/mixkit-restaurant-crowd-talking-ambience-444.wav,0.0,24.0,0.062,0.0026,312,65,en,1.0,0.0414,292
small,/Users/argussun/Documents/Therfour/third_party/audio_quality_testing_samples/testaudio/16000/test01_20s.wav,noise_combo_mixkit-people-in-fair-ambience-and-laughter-368+mixkit-restaurant-crowd-talking-ambience-444_snr_-5dB,benchmarks/ambient_noise/mixkit-people-in-fair-ambience-and-laughter-368.wav;benchmarks/ambient_noise/mixkit-restaurant-crowd-talking-ambience-444.wav,-5.0,24.0,0.0606,0.0025,251,51,en,1.0,0.0115,292
small,/Users/argussun/Documents/Therfour/third_party/audio_quality_testing_samples/testaudio/16000/test01_20s.wav,noise_combo_mixkit-people-in-fair-ambience-and-laughter-368+mixkit-restaurant-crowd-talking-ambience-444_snr_-10dB,benchmarks/ambient_noise/mixkit-people-in-fair-ambience-and-laughter-368.wav;benchmarks/ambient_noise/mixkit-restaurant-crowd-talking-ambience-444.wav,-10.0,24.0,0.0567,0.0024,0,0,en,1.0,0.0,292
small,/Users/argussun/Documents/Therfour/third_party/audio_quality_testing_samples/testaudio/16000/test01_20s.wav,edge_very_low_speech,,,24.0,0.0605,0.0025,291,54,en,1.0,0.991,292
small,/Users/argussun/Documents/Therfour/third_party/audio_quality_testing_samples/testaudio/16000/test01_20s.wav,edge_clipped,,,24.0,0.0601,0.0025,292,54,en,1.0,1.0,292
small,/Users/argussun/Documents/Therfour/third_party/audio_quality_testing_samples/testaudio/16000/test01_20s.wav,edge_leading_noise_2s,benchmarks/ambient_noise/mixkit-city-traffic-background-ambience-2930.wav,,26.0,0.0649,0.0025,291,54,en,1.0,0.991,292
small,/Users/argussun/Documents/Therfour/third_party/audio_quality_testing_samples/testaudio/44100/test01_20s.wav,clean,,,24.0,0.0604,0.0025,292,54,en,1.0,1.0,292
small,/Users/argussun/Documents/Therfour/third_party/audio_quality_testing_samples/testaudio/44100/test01_20s.wav,noise_combo_mixkit-city-traffic-background-ambience-2930_snr_0dB,benchmarks/ambient_noise/mixkit-city-traffic-background-ambience-2930.wav,0.0,24.0,0.0607,0.0025,334,65,en,1.0,0.1873,292
small,/Users/argussun/Documents/Therfour/third_party/audio_quality_testing_samples/testaudio/44100/test01_20s.wav,noise_combo_mixkit-city-traffic-background-ambience-2930_snr_-5dB,benchmarks/ambient_noise/mixkit-city-traffic-background-ambience-2930.wav,-5.0,24.0,0.0594,0.0025,524,91,en,1.0,0.046,292
small,/Users/argussun/Documents/Therfour/third_party/audio_quality_testing_samples/testaudio/44100/test01_20s.wav,noise_combo_mixkit-city-traffic-background-ambience-2930_snr_-10dB,benchmarks/ambient_noise/mixkit-city-traffic-background-ambience-2930.wav,-10.0,24.0,0.0577,0.0024,52,10,en,1.0,0.1091,292
small,/Users/argussun/Documents/Therfour/third_party/audio_quality_testing_samples/testaudio/44100/test01_20s.wav,noise_combo_mixkit-people-in-fair-ambience-and-laughter-368_snr_0dB,benchmarks/ambient_noise/mixkit-people-in-fair-ambience-and-laughter-368.wav,0.0,24.0,0.0605,0.0025,292,56,en,1.0,0.1467,292
small,/Users/argussun/Documents/Therfour/third_party/audio_quality_testing_samples/testaudio/44100/test01_20s.wav,noise_combo_mixkit-people-in-fair-ambience-and-laughter-368_snr_-5dB,benchmarks/ambient_noise/mixkit-people-in-fair-ambience-and-laughter-368.wav,-5.0,24.0,0.0615,0.0026,178,34,en,1.0,0.2781,292
small,/Users/argussun/Documents/Therfour/third_party/audio_quality_testing_samples/testaudio/44100/test01_20s.wav,noise_combo_mixkit-people-in-fair-ambience-and-laughter-368_snr_-10dB,benchmarks/ambient_noise/mixkit-people-in-fair-ambience-and-laughter-368.wav,-10.0,24.0,0.0566,0.0024,0,0,en,1.0,0.0,292
small,/Users/argussun/Documents/Therfour/third_party/audio_quality_testing_samples/testaudio/44100/test01_20s.wav,noise_combo_mixkit-restaurant-crowd-talking-ambience-444_snr_0dB,benchmarks/ambient_noise/mixkit-restaurant-crowd-talking-ambience-444.wav,0.0,24.0,0.0604,0.0025,297,58,en,1.0,0.1696,292
small,/Users/argussun/Documents/Therfour/third_party/audio_quality_testing_samples/testaudio/44100/test01_20s.wav,noise_combo_mixkit-restaurant-crowd-talking-ambience-444_snr_-5dB,benchmarks/ambient_noise/mixkit-restaurant-crowd-talking-ambience-444.wav,-5.0,24.0,0.0592,0.0025,86,18,en,1.0,0.2652,292
small,/Users/argussun/Documents/Therfour/third_party/audio_quality_testing_samples/testaudio/44100/test01_20s.wav,noise_combo_mixkit-restaurant-crowd-talking-ambience-444_snr_-10dB,benchmarks/ambient_noise/mixkit-restaurant-crowd-talking-ambience-444.wav,-10.0,24.0,0.0564,0.0023,0,0,en,1.0,0.0,292
small,/Users/argussun/Documents/Therfour/third_party/audio_quality_testing_samples/testaudio/44100/test01_20s.wav,noise_combo_mixkit-road-traffic-sound-2463_snr_0dB,benchmarks/ambient_noise/mixkit-road-traffic-sound-2463.wav,0.0,24.0,0.0599,0.0025,300,60,en,1.0,0.6186,292
small,/Users/argussun/Documents/Therfour/third_party/audio_quality_testing_samples/testaudio/44100/test01_20s.wav,noise_combo_mixkit-road-traffic-sound-2463_snr_-5dB,benchmarks/ambient_noise/mixkit-road-traffic-sound-2463.wav,-5.0,24.0,0.0597,0.0025,298,58,en,1.0,0.3681,292
small,/Users/argussun/Documents/Therfour/third_party/audio_quality_testing_samples/testaudio/44100/test01_20s.wav,noise_combo_mixkit-road-traffic-sound-2463_snr_-10dB,benchmarks/ambient_noise/mixkit-road-traffic-sound-2463.wav,-10.0,24.0,0.0576,0.0024,73,14,en,1.0,0.3086,292
small,/Users/argussun/Documents/Therfour/third_party/audio_quality_testing_samples/testaudio/44100/test01_20s.wav,noise_combo_mixkit-urban-park-and-traffic-2932_snr_0dB,benchmarks/ambient_noise/mixkit-urban-park-and-traffic-2932.wav,0.0,24.0,0.0625,0.0026,289,56,en,1.0,0.343,292
small,/Users/argussun/Documents/Therfour/third_party/audio_quality_testing_samples/testaudio/44100/test01_20s.wav,noise_combo_mixkit-urban-park-and-traffic-2932_snr_-5dB,benchmarks/ambient_noise/mixkit-urban-park-and-traffic-2932.wav,-5.0,24.0,0.0877,0.0037,286,56,en,1.0,0.0764,292
small,/Users/argussun/Documents/Therfour/third_party/audio_quality_testing_samples/testaudio/44100/test01_20s.wav,noise_combo_mixkit-urban-park-and-traffic-2932_snr_-10dB,benchmarks/ambient_noise/mixkit-urban-park-and-traffic-2932.wav,-10.0,24.0,0.058,0.0024,67,16,en,1.0,0.1462,292
small,/Users/argussun/Documents/Therfour/third_party/audio_quality_testing_samples/testaudio/44100/test01_20s.wav,noise_combo_mixkit-very-crowded-pub-or-party-loop-360_snr_0dB,benchmarks/ambient_noise/mixkit-very-crowded-pub-or-party-loop-360.wav,0.0,24.0,0.0606,0.0025,307,61,en,1.0,0.0871,292
small,/Users/argussun/Documents/Therfour/third_party/audio_quality_testing_samples/testaudio/44100/test01_20s.wav,noise_combo_mixkit-very-crowded-pub-or-party-loop-360_snr_-5dB,benchmarks/ambient_noise/mixkit-very-crowded-pub-or-party-loop-360.wav,-5.0,24.0,0.0605,0.0025,149,32,en,1.0,0.3373,292
small,/Users/argussun/Documents/Therfour/third_party/audio_quality_testing_samples/testaudio/44100/test01_20s.wav,noise_combo_mixkit-very-crowded-pub-or-party-loop-360_snr_-10dB,benchmarks/ambient_noise/mixkit-very-crowded-pub-or-party-loop-360.wav,-10.0,24.0,0.058,0.0024,97,18,en,1.0,0.2049,292
small,/Users/argussun/Documents/Therfour/third_party/audio_quality_testing_samples/testaudio/44100/test01_20s.wav,noise_combo_mixkit-city-traffic-background-ambience-2930+mixkit-people-in-fair-ambience-and-laughter-368_snr_0dB,benchmarks/ambient_noise/mixkit-city-traffic-background-ambience-2930.wav;benchmarks/ambient_noise/mixkit-people-in-fair-ambience-and-laughter-368.wav,0.0,24.0,0.0608,0.0025,336,66,en,1.0,0.1174,292
small,/Users/argussun/Documents/Therfour/third_party/audio_quality_testing_samples/testaudio/44100/test01_20s.wav,noise_combo_mixkit-city-traffic-background-ambience-2930+mixkit-people-in-fair-ambience-and-laughter-368_snr_-5dB,benchmarks/ambient_noise/mixkit-city-traffic-background-ambience-2930.wav;benchmarks/ambient_noise/mixkit-people-in-fair-ambience-and-laughter-368.wav,-5.0,24.0,0.0597,0.0025,190,42,en,1.0,0.2543,292
small,/Users/argussun/Documents/Therfour/third_party/audio_quality_testing_samples/testaudio/44100/test01_20s.wav,noise_combo_mixkit-city-traffic-background-ambience-2930+mixkit-people-in-fair-ambience-and-laughter-368_snr_-10dB,benchmarks/ambient_noise/mixkit-city-traffic-background-ambience-2930.wav;benchmarks/ambient_noise/mixkit-people-in-fair-ambience-and-laughter-368.wav,-10.0,24.0,0.0574,0.0024,38,8,en,1.0,0.1203,292
small,/Users/argussun/Documents/Therfour/third_party/audio_quality_testing_samples/testaudio/44100/test01_20s.wav,noise_combo_mixkit-city-traffic-background-ambience-2930+mixkit-restaurant-crowd-talking-ambience-444_snr_0dB,benchmarks/ambient_noise/mixkit-city-traffic-background-ambience-2930.wav;benchmarks/ambient_noise/mixkit-restaurant-crowd-talking-ambience-444.wav,0.0,24.0,0.0603,0.0025,318,64,en,1.0,0.0784,292
small,/Users/argussun/Documents/Therfour/third_party/audio_quality_testing_samples/testaudio/44100/test01_20s.wav,noise_combo_mixkit-city-traffic-background-ambience-2930+mixkit-restaurant-crowd-talking-ambience-444_snr_-5dB,benchmarks/ambient_noise/mixkit-city-traffic-background-ambience-2930.wav;benchmarks/ambient_noise/mixkit-restaurant-crowd-talking-ambience-444.wav,-5.0,24.0,0.058,0.0024,95,19,en,1.0,0.248,292
small,/Users/argussun/Documents/Therfour/third_party/audio_quality_testing_samples/testaudio/44100/test01_20s.wav,noise_combo_mixkit-city-traffic-background-ambience-2930+mixkit-restaurant-crowd-talking-ambience-444_snr_-10dB,benchmarks/ambient_noise/mixkit-city-traffic-background-ambience-2930.wav;benchmarks/ambient_noise/mixkit-restaurant-crowd-talking-ambience-444.wav,-10.0,24.0,0.057,0.0024,0,0,en,1.0,0.0,292
small,/Users/argussun/Documents/Therfour/third_party/audio_quality_testing_samples/testaudio/44100/test01_20s.wav,noise_combo_mixkit-city-traffic-background-ambience-2930+mixkit-road-traffic-sound-2463_snr_0dB,benchmarks/ambient_noise/mixkit-city-traffic-background-ambience-2930.wav;benchmarks/ambient_noise/mixkit-road-traffic-sound-2463.wav,0.0,24.0,0.0604,0.0025,305,59,en,1.0,0.1193,292
small,/Users/argussun/Documents/Therfour/third_party/audio_quality_testing_samples/testaudio/44100/test01_20s.wav,noise_combo_mixkit-city-traffic-background-ambience-2930+mixkit-road-traffic-sound-2463_snr_-5dB,benchmarks/ambient_noise/mixkit-city-traffic-background-ambience-2930.wav;benchmarks/ambient_noise/mixkit-road-traffic-sound-2463.wav,-5.0,24.0,0.0595,0.0025,439,99,en,1.0,0.0455,292
small,/Users/argussun/Documents/Therfour/third_party/audio_quality_testing_samples/testaudio/44100/test01_20s.wav,noise_combo_mixkit-city-traffic-background-ambience-2930+mixkit-road-traffic-sound-2463_snr_-10dB,benchmarks/ambient_noise/mixkit-city-traffic-background-ambience-2930.wav;benchmarks/ambient_noise/mixkit-road-traffic-sound-2463.wav,-10.0,24.0,0.0571,0.0024,40,8,en,1.0,0.1009,292
small,/Users/argussun/Documents/Therfour/third_party/audio_quality_testing_samples/testaudio/44100/test01_20s.wav,noise_combo_mixkit-city-traffic-background-ambience-2930+mixkit-urban-park-and-traffic-2932_snr_0dB,benchmarks/ambient_noise/mixkit-city-traffic-background-ambience-2930.wav;benchmarks/ambient_noise/mixkit-urban-park-and-traffic-2932.wav,0.0,24.0,0.0604,0.0025,321,63,en,1.0,0.2147,292
small,/Users/argussun/Documents/Therfour/third_party/audio_quality_testing_samples/testaudio/44100/test01_20s.wav,noise_combo_mixkit-city-traffic-background-ambience-2930+mixkit-urban-park-and-traffic-2932_snr_-5dB,benchmarks/ambient_noise/mixkit-city-traffic-background-ambience-2930.wav;benchmarks/ambient_noise/mixkit-urban-park-and-traffic-2932.wav,-5.0,24.0,0.0606,0.0025,112,23,en,1.0,0.285,292
small,/Users/argussun/Documents/Therfour/third_party/audio_quality_testing_samples/testaudio/44100/test01_20s.wav,noise_combo_mixkit-city-traffic-background-ambience-2930+mixkit-urban-park-and-traffic-2932_snr_-10dB,benchmarks/ambient_noise/mixkit-city-traffic-background-ambience-2930.wav;benchmarks/ambient_noise/mixkit-urban-park-and-traffic-2932.wav,-10.0,24.0,0.0585,0.0024,43,9,en,1.0,0.1567,292
small,/Users/argussun/Documents/Therfour/third_party/audio_quality_testing_samples/testaudio/44100/test01_20s.wav,noise_combo_mixkit-city-traffic-background-ambience-2930+mixkit-very-crowded-pub-or-party-loop-360_snr_0dB,benchmarks/ambient_noise/mixkit-city-traffic-background-ambience-2930.wav;benchmarks/ambient_noise/mixkit-very-crowded-pub-or-party-loop-360.wav,0.0,24.0,0.0612,0.0025,318,63,en,1.0,0.0785,292
small,/Users/argussun/Documents/Therfour/third_party/audio_quality_testing_samples/testaudio/44100/test01_20s.wav,noise_combo_mixkit-city-traffic-background-ambience-2930+mixkit-very-crowded-pub-or-party-loop-360_snr_-5dB,benchmarks/ambient_noise/mixkit-city-traffic-background-ambience-2930.wav;benchmarks/ambient_noise/mixkit-very-crowded-pub-or-party-loop-360.wav,-5.0,24.0,0.0612,0.0026,107,21,en,1.0,0.2872,292
small,/Users/argussun/Documents/Therfour/third_party/audio_quality_testing_samples/testaudio/44100/test01_20s.wav,noise_combo_mixkit-city-traffic-background-ambience-2930+mixkit-very-crowded-pub-or-party-loop-360_snr_-10dB,benchmarks/ambient_noise/mixkit-city-traffic-background-ambience-2930.wav;benchmarks/ambient_noise/mixkit-very-crowded-pub-or-party-loop-360.wav,-10.0,24.0,0.058,0.0024,0,0,en,1.0,0.0,292
small,/Users/argussun/Documents/Therfour/third_party/audio_quality_testing_samples/testaudio/44100/test01_20s.wav,noise_combo_mixkit-people-in-fair-ambience-and-laughter-368+mixkit-restaurant-crowd-talking-ambience-444_snr_0dB,benchmarks/ambient_noise/mixkit-people-in-fair-ambience-and-laughter-368.wav;benchmarks/ambient_noise/mixkit-restaurant-crowd-talking-ambience-444.wav,0.0,24.0,0.0615,0.0026,279,56,en,1.0,0.0548,292
small,/Users/argussun/Documents/Therfour/third_party/audio_quality_testing_samples/testaudio/44100/test01_20s.wav,noise_combo_mixkit-people-in-fair-ambience-and-laughter-368+mixkit-restaurant-crowd-talking-ambience-444_snr_-5dB,benchmarks/ambient_noise/mixkit-people-in-fair-ambience-and-laughter-368.wav;benchmarks/ambient_noise/mixkit-restaurant-crowd-talking-ambience-444.wav,-5.0,24.0,0.0616,0.0026,234,52,en,1.0,0.0198,292
small,/Users/argussun/Documents/Therfour/third_party/audio_quality_testing_samples/testaudio/44100/test01_20s.wav,noise_combo_mixkit-people-in-fair-ambience-and-laughter-368+mixkit-restaurant-crowd-talking-ambience-444_snr_-10dB,benchmarks/ambient_noise/mixkit-people-in-fair-ambience-and-laughter-368.wav;benchmarks/ambient_noise/mixkit-restaurant-crowd-talking-ambience-444.wav,-10.0,24.0,0.057,0.0024,0,0,en,1.0,0.0,292
small,/Users/argussun/Documents/Therfour/third_party/audio_quality_testing_samples/testaudio/44100/test01_20s.wav,edge_very_low_speech,,,24.0,0.0607,0.0025,291,54,en,1.0,0.991,292
small,/Users/argussun/Documents/Therfour/third_party/audio_quality_testing_samples/testaudio/44100/test01_20s.wav,edge_clipped,,,24.0,0.0623,0.0026,292,54,en,1.0,1.0,292
small,/Users/argussun/Documents/Therfour/third_party/audio_quality_testing_samples/testaudio/44100/test01_20s.wav,edge_leading_noise_2s,benchmarks/ambient_noise/mixkit-city-traffic-background-ambience-2930.wav,,26.0,0.0671,0.0026,291,54,en,1.0,0.991,292
small,/Users/argussun/Documents/Therfour/third_party/audio_quality_testing_samples/testaudio/48000/test01_20s.wav,clean,,,24.0,0.061,0.0025,292,54,en,1.0,1.0,292
small,/Users/argussun/Documents/Therfour/third_party/audio_quality_testing_samples/testaudio/48000/test01_20s.wav,noise_combo_mixkit-city-traffic-background-ambience-2930_snr_0dB,benchmarks/ambient_noise/mixkit-city-traffic-background-ambience-2930.wav,0.0,24.0,0.0637,0.0027,294,55,en,1.0,0.0857,292
small,/Users/argussun/Documents/Therfour/third_party/audio_quality_testing_samples/testaudio/48000/test01_20s.wav,noise_combo_mixkit-city-traffic-background-ambience-2930_snr_-5dB,benchmarks/ambient_noise/mixkit-city-traffic-background-ambience-2930.wav,-5.0,24.0,0.0626,0.0026,171,31,en,1.0,0.3883,292
small,/Users/argussun/Documents/Therfour/third_party/audio_quality_testing_samples/testaudio/48000/test01_20s.wav,noise_combo_mixkit-city-traffic-background-ambience-2930_snr_-10dB,benchmarks/ambient_noise/mixkit-city-traffic-background-ambience-2930.wav,-10.0,24.0,0.0625,0.0026,46,9,en,1.0,0.0802,292
small,/Users/argussun/Documents/Therfour/third_party/audio_quality_testing_samples/testaudio/48000/test01_20s.wav,noise_combo_mixkit-people-in-fair-ambience-and-laughter-368_snr_0dB,benchmarks/ambient_noise/mixkit-people-in-fair-ambience-and-laughter-368.wav,0.0,24.0,0.0615,0.0026,296,59,en,1.0,0.0821,292
small,/Users/argussun/Documents/Therfour/third_party/audio_quality_testing_samples/testaudio/48000/test01_20s.wav,noise_combo_mixkit-people-in-fair-ambience-and-laughter-368_snr_-5dB,benchmarks/ambient_noise/mixkit-people-in-fair-ambience-and-laughter-368.wav,-5.0,24.0,0.0616,0.0026,207,41,en,1.0,0.0167,292
small,/Users/argussun/Documents/Therfour/third_party/audio_quality_testing_samples/testaudio/48000/test01_20s.wav,noise_combo_mixkit-people-in-fair-ambience-and-laughter-368_snr_-10dB,benchmarks/ambient_noise/mixkit-people-in-fair-ambience-and-laughter-368.wav,-10.0,24.0,0.0588,0.0024,0,0,en,1.0,0.0,292
small,/Users/argussun/Documents/Therfour/third_party/audio_quality_testing_samples/testaudio/48000/test01_20s.wav,noise_combo_mixkit-restaurant-crowd-talking-ambience-444_snr_0dB,benchmarks/ambient_noise/mixkit-restaurant-crowd-talking-ambience-444.wav,0.0,24.0,0.0643,0.0027,275,55,en,1.0,0.0987,292
small,/Users/argussun/Documents/Therfour/third_party/audio_quality_testing_samples/testaudio/48000/test01_20s.wav,noise_combo_mixkit-restaurant-crowd-talking-ambience-444_snr_-5dB,benchmarks/ambient_noise/mixkit-restaurant-crowd-talking-ambience-444.wav,-5.0,24.0,0.0609,0.0025,75,17,en,1.0,0.1937,292
small,/Users/argussun/Documents/Therfour/third_party/audio_quality_testing_samples/testaudio/48000/test01_20s.wav,noise_combo_mixkit-restaurant-crowd-talking-ambience-444_snr_-10dB,benchmarks/ambient_noise/mixkit-restaurant-crowd-talking-ambience-444.wav,-10.0,24.0,0.0578,0.0024,0,0,en,1.0,0.0,292
small,/Users/argussun/Documents/Therfour/third_party/audio_quality_testing_samples/testaudio/48000/test01_20s.wav,noise_combo_mixkit-road-traffic-sound-2463_snr_0dB,benchmarks/ambient_noise/mixkit-road-traffic-sound-2463.wav,0.0,24.0,0.0599,0.0025,296,59,en,1.0,0.5053,292
small,/Users/argussun/Documents/Therfour/third_party/audio_quality_testing_samples/testaudio/48000/test01_20s.wav,noise_combo_mixkit-road-traffic-sound-2463_snr_-5dB,benchmarks/ambient_noise/mixkit-road-traffic-sound-2463.wav,-5.0,24.0,0.0634,0.0026,308,60,en,1.0,0.3136,292
small,/Users/argussun/Documents/Therfour/third_party/audio_quality_testing_samples/testaudio/48000/test01_20s.wav,noise_combo_mixkit-road-traffic-sound-2463_snr_-10dB,benchmarks/ambient_noise/mixkit-road-traffic-sound-2463.wav,-10.0,24.0,0.0601,0.0025,74,14,en,1.0,0.3086,292
small,/Users/argussun/Documents/Therfour/third_party/audio_quality_testing_samples/testaudio/48000/test01_20s.wav,noise_combo_mixkit-urban-park-and-traffic-2932_snr_0dB,benchmarks/ambient_noise/mixkit-urban-park-and-traffic-2932.wav,0.0,24.0,0.0635,0.0026,289,52,en,1.0,0.3381,292
small,/Users/argussun/Documents/Therfour/third_party/audio_quality_testing_samples/testaudio/48000/test01_20s.wav,noise_combo_mixkit-urban-park-and-traffic-2932_snr_-5dB,benchmarks/ambient_noise/mixkit-urban-park-and-traffic-2932.wav,-5.0,24.0,0.074,0.0031,282,52,en,1.0,0.0839,292
small,/Users/argussun/Documents/Therfour/third_party/audio_quality_testing_samples/testaudio/48000/test01_20s.wav,noise_combo_mixkit-urban-park-and-traffic-2932_snr_-10dB,benchmarks/ambient_noise/mixkit-urban-park-and-traffic-2932.wav,-10.0,24.0,0.0616,0.0026,81,15,en,1.0,0.226,292
small,/Users/argussun/Documents/Therfour/third_party/audio_quality_testing_samples/testaudio/48000/test01_20s.wav,noise_combo_mixkit-very-crowded-pub-or-party-loop-360_snr_0dB,benchmarks/ambient_noise/mixkit-very-crowded-pub-or-party-loop-360.wav,0.0,24.0,0.0622,0.0026,276,58,en,1.0,0.2495,292
small,/Users/argussun/Documents/Therfour/third_party/audio_quality_testing_samples/testaudio/48000/test01_20s.wav,noise_combo_mixkit-very-crowded-pub-or-party-loop-360_snr_-5dB,benchmarks/ambient_noise/mixkit-very-crowded-pub-or-party-loop-360.wav,-5.0,24.0,0.0633,0.0026,290,66,en,1.0,0.0682,292
small,/Users/argussun/Documents/Therfour/third_party/audio_quality_testing_samples/testaudio/48000/test01_20s.wav,noise_combo_mixkit-very-crowded-pub-or-party-loop-360_snr_-10dB,benchmarks/ambient_noise/mixkit-very-crowded-pub-or-party-loop-360.wav,-10.0,24.0,0.0591,0.0025,97,18,en,1.0,0.2049,292
small,/Users/argussun/Documents/Therfour/third_party/audio_quality_testing_samples/testaudio/48000/test01_20s.wav,noise_combo_mixkit-city-traffic-background-ambience-2930+mixkit-people-in-fair-ambience-and-laughter-368_snr_0dB,benchmarks/ambient_noise/mixkit-city-traffic-background-ambience-2930.wav;benchmarks/ambient_noise/mixkit-people-in-fair-ambience-and-laughter-368.wav,0.0,24.0,0.0635,0.0026,296,56,en,1.0,0.1383,292
small,/Users/argussun/Documents/Therfour/third_party/audio_quality_testing_samples/testaudio/48000/test01_20s.wav,noise_combo_mixkit-city-traffic-background-ambience-2930+mixkit-people-in-fair-ambience-and-laughter-368_snr_-5dB,benchmarks/ambient_noise/mixkit-city-traffic-background-ambience-2930.wav;benchmarks/ambient_noise/mixkit-people-in-fair-ambience-and-laughter-368.wav,-5.0,24.0,0.0653,0.0027,181,36,en,1.0,0.2257,292
small,/Users/argussun/Documents/Therfour/third_party/audio_quality_testing_samples/testaudio/48000/test01_20s.wav,noise_combo_mixkit-city-traffic-background-ambience-2930+mixkit-people-in-fair-ambience-and-laughter-368_snr_-10dB,benchmarks/ambient_noise/mixkit-city-traffic-background-ambience-2930.wav;benchmarks/ambient_noise/mixkit-people-in-fair-ambience-and-laughter-368.wav,-10.0,24.0,0.0629,0.0026,38,6,en,1.0,0.0892,292
small,/Users/argussun/Documents/Therfour/third_party/audio_quality_testing_samples/testaudio/48000/test01_20s.wav,noise_combo_mixkit-city-traffic-background-ambience-2930+mixkit-restaurant-crowd-talking-ambience-444_snr_0dB,benchmarks/ambient_noise/mixkit-city-traffic-background-ambience-2930.wav;benchmarks/ambient_noise/mixkit-restaurant-crowd-talking-ambience-444.wav,0.0,24.0,0.0636,0.0027,323,66,en,1.0,0.0912,292
small,/Users/argussun/Documents/Therfour/third_party/audio_quality_testing_samples/testaudio/48000/test01_20s.wav,noise_combo_mixkit-city-traffic-background-ambience-2930+mixkit-restaurant-crowd-talking-ambience-444_snr_-5dB,benchmarks/ambient_noise/mixkit-city-traffic-background-ambience-2930.wav;benchmarks/ambient_noise/mixkit-restaurant-crowd-talking-ambience-444.wav,-5.0,24.0,0.0631,0.0026,113,21,en,1.0,0.2359,292
small,/Users/argussun/Documents/Therfour/third_party/audio_quality_testing_samples/testaudio/48000/test01_20s.wav,noise_combo_mixkit-city-traffic-background-ambience-2930+mixkit-restaurant-crowd-talking-ambience-444_snr_-10dB,benchmarks/ambient_noise/mixkit-city-traffic-background-ambience-2930.wav;benchmarks/ambient_noise/mixkit-restaurant-crowd-talking-ambience-444.wav,-10.0,24.0,0.0608,0.0025,0,0,en,1.0,0.0,292
small,/Users/argussun/Documents/Therfour/third_party/audio_quality_testing_samples/testaudio/48000/test01_20s.wav,noise_combo_mixkit-city-traffic-background-ambience-2930+mixkit-road-traffic-sound-2463_snr_0dB,benchmarks/ambient_noise/mixkit-city-traffic-background-ambience-2930.wav;benchmarks/ambient_noise/mixkit-road-traffic-sound-2463.wav,0.0,24.0,0.064,0.0027,319,62,en,1.0,0.2085,292
small,/Users/argussun/Documents/Therfour/third_party/audio_quality_testing_samples/testaudio/48000/test01_20s.wav,noise_combo_mixkit-city-traffic-background-ambience-2930+mixkit-road-traffic-sound-2463_snr_-5dB,benchmarks/ambient_noise/mixkit-city-traffic-background-ambience-2930.wav;benchmarks/ambient_noise/mixkit-road-traffic-sound-2463.wav,-5.0,24.0,0.0615,0.0026,439,99,en,1.0,0.0455,292
small,/Users/argussun/Documents/Therfour/third_party/audio_quality_testing_samples/testaudio/48000/test01_20s.wav,noise_combo_mixkit-city-traffic-background-ambience-2930+mixkit-road-traffic-sound-2463_snr_-10dB,benchmarks/ambient_noise/mixkit-city-traffic-background-ambience-2930.wav;benchmarks/ambient_noise/mixkit-road-traffic-sound-2463.wav,-10.0,24.0,0.0609,0.0025,40,8,en,1.0,0.1009,292
small,/Users/argussun/Documents/Therfour/third_party/audio_quality_testing_samples/testaudio/48000/test01_20s.wav,noise_combo_mixkit-city-traffic-background-ambience-2930+mixkit-urban-park-and-traffic-2932_snr_0dB,benchmarks/ambient_noise/mixkit-city-traffic-background-ambience-2930.wav;benchmarks/ambient_noise/mixkit-urban-park-and-traffic-2932.wav,0.0,24.0,0.0626,0.0026,335,64,en,1.0,0.2487,292
small,/Users/argussun/Documents/Therfour/third_party/audio_quality_testing_samples/testaudio/48000/test01_20s.wav,noise_combo_mixkit-city-traffic-background-ambience-2930+mixkit-urban-park-and-traffic-2932_snr_-5dB,benchmarks/ambient_noise/mixkit-city-traffic-background-ambience-2930.wav;benchmarks/ambient_noise/mixkit-urban-park-and-traffic-2932.wav,-5.0,24.0,0.0663,0.0028,120,23,en,1.0,0.3858,292
small,/Users/argussun/Documents/Therfour/third_party/audio_quality_testing_samples/testaudio/48000/test01_20s.wav,noise_combo_mixkit-city-traffic-background-ambience-2930+mixkit-urban-park-and-traffic-2932_snr_-10dB,benchmarks/ambient_noise/mixkit-city-traffic-background-ambience-2930.wav;benchmarks/ambient_noise/mixkit-urban-park-and-traffic-2932.wav,-10.0,24.0,0.0603,0.0025,43,9,en,1.0,0.1567,292
small,/Users/argussun/Documents/Therfour/third_party/audio_quality_testing_samples/testaudio/48000/test01_20s.wav,noise_combo_mixkit-city-traffic-background-ambience-2930+mixkit-very-crowded-pub-or-party-loop-360_snr_0dB,benchmarks/ambient_noise/mixkit-city-traffic-background-ambience-2930.wav;benchmarks/ambient_noise/mixkit-very-crowded-pub-or-party-loop-360.wav,0.0,24.0,0.0631,0.0026,308,64,en,1.0,0.1115,292
small,/Users/argussun/Documents/Therfour/third_party/audio_quality_testing_samples/testaudio/48000/test01_20s.wav,noise_combo_mixkit-city-traffic-background-ambience-2930+mixkit-very-crowded-pub-or-party-loop-360_snr_-5dB,benchmarks/ambient_noise/mixkit-city-traffic-background-ambience-2930.wav;benchmarks/ambient_noise/mixkit-very-crowded-pub-or-party-loop-360.wav,-5.0,24.0,0.0648,0.0027,100,20,en,1.0,0.2613,292
small,/Users/argussun/Documents/Therfour/third_party/audio_quality_testing_samples/testaudio/48000/test01_20s.wav,noise_combo_mixkit-city-traffic-background-ambience-2930+mixkit-very-crowded-pub-or-party-loop-360_snr_-10dB,benchmarks/ambient_noise/mixkit-city-traffic-background-ambience-2930.wav;benchmarks/ambient_noise/mixkit-very-crowded-pub-or-party-loop-360.wav,-10.0,24.0,0.0581,0.0024,0,0,en,1.0,0.0,292
small,/Users/argussun/Documents/Therfour/third_party/audio_quality_testing_samples/testaudio/48000/test01_20s.wav,noise_combo_mixkit-people-in-fair-ambience-and-laughter-368+mixkit-restaurant-crowd-talking-ambience-444_snr_0dB,benchmarks/ambient_noise/mixkit-people-in-fair-ambience-and-laughter-368.wav;benchmarks/ambient_noise/mixkit-restaurant-crowd-talking-ambience-444.wav,0.0,24.0,0.0634,0.0026,321,63,en,1.0,0.0814,292
small,/Users/argussun/Documents/Therfour/third_party/audio_quality_testing_samples/testaudio/48000/test01_20s.wav,noise_combo_mixkit-people-in-fair-ambience-and-laughter-368+mixkit-restaurant-crowd-talking-ambience-444_snr_-5dB,benchmarks/ambient_noise/mixkit-people-in-fair-ambience-and-laughter-368.wav;benchmarks/ambient_noise/mixkit-restaurant-crowd-talking-ambience-444.wav,-5.0,24.0,0.0618,0.0026,308,64,en,1.0,0.0172,292
small,/Users/argussun/Documents/Therfour/third_party/audio_quality_testing_samples/testaudio/48000/test01_20s.wav,noise_combo_mixkit-people-in-fair-ambience-and-laughter-368+mixkit-restaurant-crowd-talking-ambience-444_snr_-10dB,benchmarks/ambient_noise/mixkit-people-in-fair-ambience-and-laughter-368.wav;benchmarks/ambient_noise/mixkit-restaurant-crowd-talking-ambience-444.wav,-10.0,24.0,0.0574,0.0024,0,0,en,1.0,0.0,292
small,/Users/argussun/Documents/Therfour/third_party/audio_quality_testing_samples/testaudio/48000/test01_20s.wav,edge_very_low_speech,,,24.0,0.0605,0.0025,291,54,en,1.0,0.991,292
small,/Users/argussun/Documents/Therfour/third_party/audio_quality_testing_samples/testaudio/48000/test01_20s.wav,edge_clipped,,,24.0,0.0616,0.0026,292,54,en,1.0,1.0,292
small,/Users/argussun/Documents/Therfour/third_party/audio_quality_testing_samples/testaudio/48000/test01_20s.wav,edge_leading_noise_2s,benchmarks/ambient_noise/mixkit-city-traffic-background-ambience-2930.wav,,26.0,0.0723,0.0028,291,54,en,1.0,0.991,292
small,/Users/argussun/Documents/Therfour/third_party/audio_quality_testing_samples/testaudio/8000/test01_20s.wav,clean,,,24.0,0.061,0.0025,292,54,en,1.0,1.0,292
small,/Users/argussun/Documents/Therfour/third_party/audio_quality_testing_samples/testaudio/8000/test01_20s.wav,noise_combo_mixkit-city-traffic-background-ambience-2930_snr_0dB,benchmarks/ambient_noise/mixkit-city-traffic-background-ambience-2930.wav,0.0,24.0,0.0637,0.0027,296,60,en,1.0,0.1312,292
small,/Users/argussun/Documents/Therfour/third_party/audio_quality_testing_samples/testaudio/8000/test01_20s.wav,noise_combo_mixkit-city-traffic-background-ambience-2930_snr_-5dB,benchmarks/ambient_noise/mixkit-city-traffic-background-ambience-2930.wav,-5.0,24.0,0.0624,0.0026,116,20,en,1.0,0.2564,292
small,/Users/argussun/Documents/Therfour/third_party/audio_quality_testing_samples/testaudio/8000/test01_20s.wav,noise_combo_mixkit-city-traffic-background-ambience-2930_snr_-10dB,benchmarks/ambient_noise/mixkit-city-traffic-background-ambience-2930.wav,-10.0,24.0,0.0618,0.0026,10,2,en,1.0,0.0417,292
small,/Users/argussun/Documents/Therfour/third_party/audio_quality_testing_samples/testaudio/8000/test01_20s.wav,noise_combo_mixkit-people-in-fair-ambience-and-laughter-368_snr_0dB,benchmarks/ambient_noise/mixkit-people-in-fair-ambience-and-laughter-368.wav,0.0,24.0,0.0659,0.0027,287,57,en,1.0,0.1382,292
small,/Users/argussun/Documents/Therfour/third_party/audio_quality_testing_samples/testaudio/8000/test01_20s.wav,noise_combo_mixkit-people-in-fair-ambience-and-laughter-368_snr_-5dB,benchmarks/ambient_noise/mixkit-people-in-fair-ambience-and-laughter-368.wav,-5.0,24.0,0.0616,0.0026,200,39,en,1.0,0.3368,292
small,/Users/argussun/Documents/Therfour/third_party/audio_quality_testing_samples/testaudio/8000/test01_20s.wav,noise_combo_mixkit-people-in-fair-ambience-and-laughter-368_snr_-10dB,benchmarks/ambient_noise/mixkit-people-in-fair-ambience-and-laughter-368.wav,-10.0,24.0,0.0596,0.0025,0,0,en,1.0,0.0,292
small,/Users/argussun/Documents/Therfour/third_party/audio_quality_testing_samples/testaudio/8000/test01_20s.wav,noise_combo_mixkit-restaurant-crowd-talking-ambience-444_snr_0dB,benchmarks/ambient_noise/mixkit-restaurant-crowd-talking-ambience-444.wav,0.0,24.0,0.0645,0.0027,299,59,en,1.0,0.1843,292
small,/Users/argussun/Documents/Therfour/third_party/audio_quality_testing_samples/testaudio/8000/test01_20s.wav,noise_combo_mixkit-restaurant-crowd-talking-ambience-444_snr_-5dB,benchmarks/ambient_noise/mixkit-restaurant-crowd-talking-ambience-444.wav,-5.0,24.0,0.0624,0.0026,517,126,en,1.0,0.0,292
small,/Users/argussun/Documents/Therfour/third_party/audio_quality_testing_samples/testaudio/8000/test01_20s.wav,noise_combo_mixkit-restaurant-crowd-talking-ambience-444_snr_-10dB,benchmarks/ambient_noise/mixkit-restaurant-crowd-talking-ambience-444.wav,-10.0,24.0,0.0607,0.0025,0,0,en,1.0,0.0,292
small,/Users/argussun/Documents/Therfour/third_party/audio_quality_testing_samples/testaudio/8000/test01_20s.wav,noise_combo_mixkit-road-traffic-sound-2463_snr_0dB,benchmarks/ambient_noise/mixkit-road-traffic-sound-2463.wav,0.0,24.0,0.0609,0.0025,300,59,en,1.0,0.4929,292
small,/Users/argussun/Documents/Therfour/third_party/audio_quality_testing_samples/testaudio/8000/test01_20s.wav,noise_combo_mixkit-road-traffic-sound-2463_snr_-5dB,benchmarks/ambient_noise/mixkit-road-traffic-sound-2463.wav,-5.0,24.0,0.0635,0.0026,299,60,en,1.0,0.3351,292
small,/Users/argussun/Documents/Therfour/third_party/audio_quality_testing_samples/testaudio/8000/test01_20s.wav,noise_combo_mixkit-road-traffic-sound-2463_snr_-10dB,benchmarks/ambient_noise/mixkit-road-traffic-sound-2463.wav,-10.0,24.0,0.0624,0.0026,97,20,en,1.0,0.2372,292
small,/Users/argussun/Documents/Therfour/third_party/audio_quality_testing_samples/testaudio/8000/test01_20s.wav,noise_combo_mixkit-urban-park-and-traffic-2932_snr_0dB,benchmarks/ambient_noise/mixkit-urban-park-and-traffic-2932.wav,0.0,24.0,0.0666,0.0028,282,54,en,1.0,0.3279,292
small,/Users/argussun/Documents/Therfour/third_party/audio_quality_testing_samples/testaudio/8000/test01_20s.wav,noise_combo_mixkit-urban-park-and-traffic-2932_snr_-5dB,benchmarks/ambient_noise/mixkit-urban-park-and-traffic-2932.wav,-5.0,24.0,0.0648,0.0027,298,57,en,1.0,0.1599,292
small,/Users/argussun/Documents/Therfour/third_party/audio_quality_testing_samples/testaudio/8000/test01_20s.wav,noise_combo_mixkit-urban-park-and-traffic-2932_snr_-10dB,benchmarks/ambient_noise/mixkit-urban-park-and-traffic-2932.wav,-10.0,24.0,0.0629,0.0026,449,86,en,1.0,0.0086,292
small,/Users/argussun/Documents/Therfour/third_party/audio_quality_testing_samples/testaudio/8000/test01_20s.wav,noise_combo_mixkit-very-crowded-pub-or-party-loop-360_snr_0dB,benchmarks/ambient_noise/mixkit-very-crowded-pub-or-party-loop-360.wav,0.0,24.0,0.0665,0.0028,301,58,en,1.0,0.0844,292
small,/Users/argussun/Documents/Therfour/third_party/audio_quality_testing_samples/testaudio/8000/test01_20s.wav,noise_combo_mixkit-very-crowded-pub-or-party-loop-360_snr_-5dB,benchmarks/ambient_noise/mixkit-very-crowded-pub-or-party-loop-360.wav,-5.0,24.0,0.0646,0.0027,302,66,en,1.0,0.0664,292
small,/Users/argussun/Documents/Therfour/third_party/audio_quality_testing_samples/testaudio/8000/test01_20s.wav,noise_combo_mixkit-very-crowded-pub-or-party-loop-360_snr_-10dB,benchmarks/ambient_noise/mixkit-very-crowded-pub-or-party-loop-360.wav,-10.0,24.0,0.0635,0.0026,10,2,en,1.0,0.0417,292
small,/Users/argussun/Documents/Therfour/third_party/audio_quality_testing_samples/testaudio/8000/test01_20s.wav,noise_combo_mixkit-city-traffic-background-ambience-2930+mixkit-people-in-fair-ambience-and-laughter-368_snr_0dB,benchmarks/ambient_noise/mixkit-city-traffic-background-ambience-2930.wav;benchmarks/ambient_noise/mixkit-people-in-fair-ambience-and-laughter-368.wav,0.0,24.0,0.0836,0.0035,304,58,en,1.0,0.0842,292
small,/Users/argussun/Documents/Therfour/third_party/audio_quality_testing_samples/testaudio/8000/test01_20s.wav,noise_combo_mixkit-city-traffic-background-ambience-2930+mixkit-people-in-fair-ambience-and-laughter-368_snr_-5dB,benchmarks/ambient_noise/mixkit-city-traffic-background-ambience-2930.wav;benchmarks/ambient_noise/mixkit-people-in-fair-ambience-and-laughter-368.wav,-5.0,24.0,0.0639,0.0027,185,37,en,1.0,0.2281,292
small,/Users/argussun/Documents/Therfour/third_party/audio_quality_testing_samples/testaudio/8000/test01_20s.wav,noise_combo_mixkit-city-traffic-background-ambience-2930+mixkit-people-in-fair-ambience-and-laughter-368_snr_-10dB,benchmarks/ambient_noise/mixkit-city-traffic-background-ambience-2930.wav;benchmarks/ambient_noise/mixkit-people-in-fair-ambience-and-laughter-368.wav,-10.0,24.0,0.0605,0.0025,35,7,en,1.0,0.1278,292
small,/Users/argussun/Documents/Therfour/third_party/audio_quality_testing_samples/testaudio/8000/test01_20s.wav,noise_combo_mixkit-city-traffic-background-ambience-2930+mixkit-restaurant-crowd-talking-ambience-444_snr_0dB,benchmarks/ambient_noise/mixkit-city-traffic-background-ambience-2930.wav;benchmarks/ambient_noise/mixkit-restaurant-crowd-talking-ambience-444.wav,0.0,24.0,0.067,0.0028,342,69,en,1.0,0.1508,292
small,/Users/argussun/Documents/Therfour/third_party/audio_quality_testing_samples/testaudio/8000/test01_20s.wav,noise_combo_mixkit-city-traffic-background-ambience-2930+mixkit-restaurant-crowd-talking-ambience-444_snr_-5dB,benchmarks/ambient_noise/mixkit-city-traffic-background-ambience-2930.wav;benchmarks/ambient_noise/mixkit-restaurant-crowd-talking-ambience-444.wav,-5.0,24.0,0.062,0.0026,123,24,en,1.0,0.2707,292
small,/Users/argussun/Documents/Therfour/third_party/audio_quality_testing_samples/testaudio/8000/test01_20s.wav,noise_combo_mixkit-city-traffic-background-ambience-2930+mixkit-restaurant-crowd-talking-ambience-444_snr_-10dB,benchmarks/ambient_noise/mixkit-city-traffic-background-ambience-2930.wav;benchmarks/ambient_noise/mixkit-restaurant-crowd-talking-ambience-444.wav,-10.0,24.0,0.0619,0.0026,0,0,en,1.0,0.0,292
small,/Users/argussun/Documents/Therfour/third_party/audio_quality_testing_samples/testaudio/8000/test01_20s.wav,noise_combo_mixkit-city-traffic-background-ambience-2930+mixkit-road-traffic-sound-2463_snr_0dB,benchmarks/ambient_noise/mixkit-city-traffic-background-ambience-2930.wav;benchmarks/ambient_noise/mixkit-road-traffic-sound-2463.wav,0.0,24.0,0.0647,0.0027,320,60,en,1.0,0.0954,292
small,/Users/argussun/Documents/Therfour/third_party/audio_quality_testing_samples/testaudio/8000/test01_20s.wav,noise_combo_mixkit-city-traffic-background-ambience-2930+mixkit-road-traffic-sound-2463_snr_-5dB,benchmarks/ambient_noise/mixkit-city-traffic-background-ambience-2930.wav;benchmarks/ambient_noise/mixkit-road-traffic-sound-2463.wav,-5.0,24.0,0.0635,0.0026,267,60,en,1.0,0.067,292
small,/Users/argussun/Documents/Therfour/third_party/audio_quality_testing_samples/testaudio/8000/test01_20s.wav,noise_combo_mixkit-city-traffic-background-ambience-2930+mixkit-road-traffic-sound-2463_snr_-10dB,benchmarks/ambient_noise/mixkit-city-traffic-background-ambience-2930.wav;benchmarks/ambient_noise/mixkit-road-traffic-sound-2463.wav,-10.0,24.0,0.0591,0.0025,38,7,en,1.0,0.0958,292
small,/Users/argussun/Documents/Therfour/third_party/audio_quality_testing_samples/testaudio/8000/test01_20s.wav,noise_combo_mixkit-city-traffic-background-ambience-2930+mixkit-urban-park-and-traffic-2932_snr_0dB,benchmarks/ambient_noise/mixkit-city-traffic-background-ambience-2930.wav;benchmarks/ambient_noise/mixkit-urban-park-and-traffic-2932.wav,0.0,24.0,0.0654,0.0027,337,67,en,1.0,0.209,292
small,/Users/argussun/Documents/Therfour/third_party/audio_quality_testing_samples/testaudio/8000/test01_20s.wav,noise_combo_mixkit-city-traffic-background-ambience-2930+mixkit-urban-park-and-traffic-2932_snr_-5dB,benchmarks/ambient_noise/mixkit-city-traffic-background-ambience-2930.wav;benchmarks/ambient_noise/mixkit-urban-park-and-traffic-2932.wav,-5.0,24.0,0.0663,0.0028,314,66,en,1.0,0.0871,292
small,/Users/argussun/Documents/Therfour/third_party/audio_quality_testing_samples/testaudio/8000/test01_20s.wav,noise_combo_mixkit-city-traffic-background-ambience-2930+mixkit-urban-park-and-traffic-2932_snr_-10dB,benchmarks/ambient_noise/mixkit-city-traffic-background-ambience-2930.wav;benchmarks/ambient_noise/mixkit-urban-park-and-traffic-2932.wav,-10.0,24.0,0.0629,0.0026,63,13,en,1.0,0.2412,292
small,/Users/argussun/Documents/Therfour/third_party/audio_quality_testing_samples/testaudio/8000/test01_20s.wav,noise_combo_mixkit-city-traffic-background-ambience-2930+mixkit-very-crowded-pub-or-party-loop-360_snr_0dB,benchmarks/ambient_noise/mixkit-city-traffic-background-ambience-2930.wav;benchmarks/ambient_noise/mixkit-very-crowded-pub-or-party-loop-360.wav,0.0,24.0,0.0692,0.0029,339,66,en,1.0,0.089,292
small,/Users/argussun/Documents/Therfour/third_party/audio_quality_testing_samples/testaudio/8000/test01_20s.wav,noise_combo_mixkit-city-traffic-background-ambience-2930+mixkit-very-crowded-pub-or-party-loop-360_snr_-5dB,benchmarks/ambient_noise/mixkit-city-traffic-background-ambience-2930.wav;benchmarks/ambient_noise/mixkit-very-crowded-pub-or-party-loop-360.wav,-5.0,24.0,0.0633,0.0026,90,19,en,1.0,0.2678,292
small,/Users/argussun/Documents/Therfour/third_party/audio_quality_testing_samples/testaudio/8000/test01_20s.wav,noise_combo_mixkit-city-traffic-background-ambience-2930+mixkit-very-crowded-pub-or-party-loop-360_snr_-10dB,benchmarks/ambient_noise/mixkit-city-traffic-background-ambience-2930.wav;benchmarks/ambient_noise/mixkit-very-crowded-pub-or-party-loop-360.wav,-10.0,24.0,0.0631,0.0026,0,0,en,1.0,0.0,292
small,/Users/argussun/Documents/Therfour/third_party/audio_quality_testing_samples/testaudio/8000/test01_20s.wav,noise_combo_mixkit-people-in-fair-ambience-and-laughter-368+mixkit-restaurant-crowd-talking-ambience-444_snr_0dB,benchmarks/ambient_noise/mixkit-people-in-fair-ambience-and-laughter-368.wav;benchmarks/ambient_noise/mixkit-restaurant-crowd-talking-ambience-444.wav,0.0,24.0,0.0666,0.0028,362,70,en,1.0,0.0616,292
small,/Users/argussun/Documents/Therfour/third_party/audio_quality_testing_samples/testaudio/8000/test01_20s.wav,noise_combo_mixkit-people-in-fair-ambience-and-laughter-368+mixkit-restaurant-crowd-talking-ambience-444_snr_-5dB,benchmarks/ambient_noise/mixkit-people-in-fair-ambience-and-laughter-368.wav;benchmarks/ambient_noise/mixkit-restaurant-crowd-talking-ambience-444.wav,-5.0,24.0,0.0648,0.0027,232,45,en,1.0,0.0,292
small,/Users/argussun/Documents/Therfour/third_party/audio_quality_testing_samples/testaudio/8000/test01_20s.wav,noise_combo_mixkit-people-in-fair-ambience-and-laughter-368+mixkit-restaurant-crowd-talking-ambience-444_snr_-10dB,benchmarks/ambient_noise/mixkit-people-in-fair-ambience-and-laughter-368.wav;benchmarks/ambient_noise/mixkit-restaurant-crowd-talking-ambience-444.wav,-10.0,24.0,0.0626,0.0026,0,0,en,1.0,0.0,292
small,/Users/argussun/Documents/Therfour/third_party/audio_quality_testing_samples/testaudio/8000/test01_20s.wav,edge_very_low_speech,,,24.0,0.0637,0.0027,291,54,en,1.0,0.991,292
small,/Users/argussun/Documents/Therfour/third_party/audio_quality_testing_samples/testaudio/8000/test01_20s.wav,edge_clipped,,,24.0,0.0661,0.0028,292,54,en,1.0,1.0,292
small,/Users/argussun/Documents/Therfour/third_party/audio_quality_testing_samples/testaudio/8000/test01_20s.wav,edge_leading_noise_2s,benchmarks/ambient_noise/mixkit-city-traffic-background-ambience-2930.wav,,26.0,0.0694,0.0027,291,54,en,1.0,0.991,292
distil-large-v3,/Users/argussun/Documents/Therfour/third_party/audio_quality_testing_samples/testaudio/16000/test01_20s.wav,clean,,,24.0,0.0616,0.0026,280,54,en,1.0,1.0,280
distil-large-v3,/Users/argussun/Documents/Therfour/third_party/audio_quality_testing_samples/testaudio/16000/test01_20s.wav,noise_combo_mixkit-city-traffic-background-ambience-2930_snr_0dB,benchmarks/ambient_noise/mixkit-city-traffic-background-ambience-2930.wav,0.0,24.0,0.0639,0.0027,314,62,en,1.0,0.1347,280
distil-large-v3,/Users/argussun/Documents/Therfour/third_party/audio_quality_testing_samples/testaudio/16000/test01_20s.wav,noise_combo_mixkit-city-traffic-background-ambience-2930_snr_-5dB,benchmarks/ambient_noise/mixkit-city-traffic-background-ambience-2930.wav,-5.0,24.0,0.0659,0.0027,104,17,en,1.0,0.3053,280
distil-large-v3,/Users/argussun/Documents/Therfour/third_party/audio_quality_testing_samples/testaudio/16000/test01_20s.wav,noise_combo_mixkit-city-traffic-background-ambience-2930_snr_-10dB,benchmarks/ambient_noise/mixkit-city-traffic-background-ambience-2930.wav,-10.0,24.0,0.0608,0.0025,87,22,en,1.0,0.1096,280
distil-large-v3,/Users/argussun/Documents/Therfour/third_party/audio_quality_testing_samples/testaudio/16000/test01_20s.wav,noise_combo_mixkit-people-in-fair-ambience-and-laughter-368_snr_0dB,benchmarks/ambient_noise/mixkit-people-in-fair-ambience-and-laughter-368.wav,0.0,24.0,0.0687,0.0029,274,52,en,1.0,0.0886,280
distil-large-v3,/Users/argussun/Documents/Therfour/third_party/audio_quality_testing_samples/testaudio/16000/test01_20s.wav,noise_combo_mixkit-people-in-fair-ambience-and-laughter-368_snr_-5dB,benchmarks/ambient_noise/mixkit-people-in-fair-ambience-and-laughter-368.wav,-5.0,24.0,0.0668,0.0028,199,36,en,1.0,0.3002,280
distil-large-v3,/Users/argussun/Documents/Therfour/third_party/audio_quality_testing_samples/testaudio/16000/test01_20s.wav,noise_combo_mixkit-people-in-fair-ambience-and-laughter-368_snr_-10dB,benchmarks/ambient_noise/mixkit-people-in-fair-ambience-and-laughter-368.wav,-10.0,24.0,0.0614,0.0026,10,2,en,1.0,0.0415,280
distil-large-v3,/Users/argussun/Documents/Therfour/third_party/audio_quality_testing_samples/testaudio/16000/test01_20s.wav,noise_combo_mixkit-restaurant-crowd-talking-ambience-444_snr_0dB,benchmarks/ambient_noise/mixkit-restaurant-crowd-talking-ambience-444.wav,0.0,24.0,0.0669,0.0028,286,58,en,1.0,0.0978,280
distil-large-v3,/Users/argussun/Documents/Therfour/third_party/audio_quality_testing_samples/testaudio/16000/test01_20s.wav,noise_combo_mixkit-restaurant-crowd-talking-ambience-444_snr_-5dB,benchmarks/ambient_noise/mixkit-restaurant-crowd-talking-ambience-444.wav,-5.0,24.0,0.0663,0.0028,64,12,en,1.0,0.1466,280
distil-large-v3,/Users/argussun/Documents/Therfour/third_party/audio_quality_testing_samples/testaudio/16000/test01_20s.wav,noise_combo_mixkit-restaurant-crowd-talking-ambience-444_snr_-10dB,benchmarks/ambient_noise/mixkit-restaurant-crowd-talking-ambience-444.wav,-10.0,24.0,0.0618,0.0026,0,0,en,1.0,0.0,280
distil-large-v3,/Users/argussun/Documents/Therfour/third_party/audio_quality_testing_samples/testaudio/16000/test01_20s.wav,noise_combo_mixkit-road-traffic-sound-2463_snr_0dB,benchmarks/ambient_noise/mixkit-road-traffic-sound-2463.wav,0.0,24.0,0.062,0.0026,296,55,en,1.0,0.7893,280
distil-large-v3,/Users/argussun/Documents/Therfour/third_party/audio_quality_testing_samples/testaudio/16000/test01_20s.wav,noise_combo_mixkit-road-traffic-sound-2463_snr_-5dB,benchmarks/ambient_noise/mixkit-road-traffic-sound-2463.wav,-5.0,24.0,0.0654,0.0027,253,50,en,1.0,0.4742,280
distil-large-v3,/Users/argussun/Documents/Therfour/third_party/audio_quality_testing_samples/testaudio/16000/test01_20s.wav,noise_combo_mixkit-road-traffic-sound-2463_snr_-10dB,benchmarks/ambient_noise/mixkit-road-traffic-sound-2463.wav,-10.0,24.0,0.0658,0.0027,73,16,en,1.0,0.2989,280
distil-large-v3,/Users/argussun/Documents/Therfour/third_party/audio_quality_testing_samples/testaudio/16000/test01_20s.wav,noise_combo_mixkit-urban-park-and-traffic-2932_snr_0dB,benchmarks/ambient_noise/mixkit-urban-park-and-traffic-2932.wav,0.0,24.0,0.0736,0.0031,286,53,en,1.0,0.5326,280
distil-large-v3,/Users/argussun/Documents/Therfour/third_party/audio_quality_testing_samples/testaudio/16000/test01_20s.wav,noise_combo_mixkit-urban-park-and-traffic-2932_snr_-5dB,benchmarks/ambient_noise/mixkit-urban-park-and-traffic-2932.wav,-5.0,24.0,0.0715,0.003,315,67,en,1.0,0.1071,280
distil-large-v3,/Users/argussun/Documents/Therfour/third_party/audio_quality_testing_samples/testaudio/16000/test01_20s.wav,noise_combo_mixkit-urban-park-and-traffic-2932_snr_-10dB,benchmarks/ambient_noise/mixkit-urban-park-and-traffic-2932.wav,-10.0,24.0,0.0712,0.003,89,14,en,1.0,0.267,280
distil-large-v3,/Users/argussun/Documents/Therfour/third_party/audio_quality_testing_samples/testaudio/16000/test01_20s.wav,noise_combo_mixkit-very-crowded-pub-or-party-loop-360_snr_0dB,benchmarks/ambient_noise/mixkit-very-crowded-pub-or-party-loop-360.wav,0.0,24.0,0.0702,0.0029,292,59,en,1.0,0.2862,280
distil-large-v3,/Users/argussun/Documents/Therfour/third_party/audio_quality_testing_samples/testaudio/16000/test01_20s.wav,noise_combo_mixkit-very-crowded-pub-or-party-loop-360_snr_-5dB,benchmarks/ambient_noise/mixkit-very-crowded-pub-or-party-loop-360.wav,-5.0,24.0,0.0742,0.0031,289,63,en,1.0,0.0676,280
distil-large-v3,/Users/argussun/Documents/Therfour/third_party/audio_quality_testing_samples/testaudio/16000/test01_20s.wav,noise_combo_mixkit-very-crowded-pub-or-party-loop-360_snr_-10dB,benchmarks/ambient_noise/mixkit-very-crowded-pub-or-party-loop-360.wav,-10.0,24.0,0.0655,0.0027,67,15,en,1.0,0.2235,280
distil-large-v3,/Users/argussun/Documents/Therfour/third_party/audio_quality_testing_samples/testaudio/16000/test01_20s.wav,noise_combo_mixkit-city-traffic-background-ambience-2930+mixkit-people-in-fair-ambience-and-laughter-368_snr_0dB,benchmarks/ambient_noise/mixkit-city-traffic-background-ambience-2930.wav;benchmarks/ambient_noise/mixkit-people-in-fair-ambience-and-laughter-368.wav,0.0,24.0,0.071,0.003,298,60,en,1.0,0.1034,280
distil-large-v3,/Users/argussun/Documents/Therfour/third_party/audio_quality_testing_samples/testaudio/16000/test01_20s.wav,noise_combo_mixkit-city-traffic-background-ambience-2930+mixkit-people-in-fair-ambience-and-laughter-368_snr_-5dB,benchmarks/ambient_noise/mixkit-city-traffic-background-ambience-2930.wav;benchmarks/ambient_noise/mixkit-people-in-fair-ambience-and-laughter-368.wav,-5.0,24.0,0.0708,0.0029,278,50,en,1.0,0.0218,280
distil-large-v3,/Users/argussun/Documents/Therfour/third_party/audio_quality_testing_samples/testaudio/16000/test01_20s.wav,noise_combo_mixkit-city-traffic-background-ambience-2930+mixkit-people-in-fair-ambience-and-laughter-368_snr_-10dB,benchmarks/ambient_noise/mixkit-city-traffic-background-ambience-2930.wav;benchmarks/ambient_noise/mixkit-people-in-fair-ambience-and-laughter-368.wav,-10.0,24.0,0.0661,0.0028,12,3,en,1.0,0.0756,280
distil-large-v3,/Users/argussun/Documents/Therfour/third_party/audio_quality_testing_samples/testaudio/16000/test01_20s.wav,noise_combo_mixkit-city-traffic-background-ambience-2930+mixkit-restaurant-crowd-talking-ambience-444_snr_0dB,benchmarks/ambient_noise/mixkit-city-traffic-background-ambience-2930.wav;benchmarks/ambient_noise/mixkit-restaurant-crowd-talking-ambience-444.wav,0.0,24.0,0.0704,0.0029,302,57,en,1.0,0.106,280
distil-large-v3,/Users/argussun/Documents/Therfour/third_party/audio_quality_testing_samples/testaudio/16000/test01_20s.wav,noise_combo_mixkit-city-traffic-background-ambience-2930+mixkit-restaurant-crowd-talking-ambience-444_snr_-5dB,benchmarks/ambient_noise/mixkit-city-traffic-background-ambience-2930.wav;benchmarks/ambient_noise/mixkit-restaurant-crowd-talking-ambience-444.wav,-5.0,24.0,0.0674,0.0028,136,27,en,1.0,0.3188,280
distil-large-v3,/Users/argussun/Documents/Therfour/third_party/audio_quality_testing_samples/testaudio/16000/test01_20s.wav,noise_combo_mixkit-city-traffic-background-ambience-2930+mixkit-restaurant-crowd-talking-ambience-444_snr_-10dB,benchmarks/ambient_noise/mixkit-city-traffic-background-ambience-2930.wav;benchmarks/ambient_noise/mixkit-restaurant-crowd-talking-ambience-444.wav,-10.0,24.0,0.0679,0.0028,10,2,en,1.0,0.0415,280
distil-large-v3,/Users/argussun/Documents/Therfour/third_party/audio_quality_testing_samples/testaudio/16000/test01_20s.wav,noise_combo_mixkit-city-traffic-background-ambience-2930+mixkit-road-traffic-sound-2463_snr_0dB,benchmarks/ambient_noise/mixkit-city-traffic-background-ambience-2930.wav;benchmarks/ambient_noise/mixkit-road-traffic-sound-2463.wav,0.0,24.0,0.0711,0.003,301,60,en,1.0,0.1831,280
distil-large-v3,/Users/argussun/Documents/Therfour/third_party/audio_quality_testing_samples/testaudio/16000/test01_20s.wav,noise_combo_mixkit-city-traffic-background-ambience-2930+mixkit-road-traffic-sound-2463_snr_-5dB,benchmarks/ambient_noise/mixkit-city-traffic-background-ambience-2930.wav;benchmarks/ambient_noise/mixkit-road-traffic-sound-2463.wav,-5.0,24.0,0.0696,0.0029,213,45,en,1.0,0.0661,280
distil-large-v3,/Users/argussun/Documents/Therfour/third_party/audio_quality_testing_samples/testaudio/16000/test01_20s.wav,noise_combo_mixkit-city-traffic-background-ambience-2930+mixkit-road-traffic-sound-2463_snr_-10dB,benchmarks/ambient_noise/mixkit-city-traffic-background-ambience-2930.wav;benchmarks/ambient_noise/mixkit-road-traffic-sound-2463.wav,-10.0,24.0,0.0676,0.0028,28,4,en,1.0,0.1104,280
distil-large-v3,/Users/argussun/Documents/Therfour/third_party/audio_quality_testing_samples/testaudio/16000/test01_20s.wav,noise_combo_mixkit-city-traffic-background-ambience-2930+mixkit-urban-park-and-traffic-2932_snr_0dB,benchmarks/ambient_noise/mixkit-city-traffic-background-ambience-2930.wav;benchmarks/ambient_noise/mixkit-urban-park-and-traffic-2932.wav,0.0,24.0,0.067,0.0028,294,56,en,1.0,0.1703,280
distil-large-v3,/Users/argussun/Documents/Therfour/third_party/audio_quality_testing_samples/testaudio/16000/test01_20s.wav,noise_combo_mixkit-city-traffic-background-ambience-2930+mixkit-urban-park-and-traffic-2932_snr_-5dB,benchmarks/ambient_noise/mixkit-city-traffic-background-ambience-2930.wav;benchmarks/ambient_noise/mixkit-urban-park-and-traffic-2932.wav,-5.0,24.0,0.0672,0.0028,301,61,en,1.0,0.0771,280
distil-large-v3,/Users/argussun/Documents/Therfour/third_party/audio_quality_testing_samples/testaudio/16000/test01_20s.wav,noise_combo_mixkit-city-traffic-background-ambience-2930+mixkit-urban-park-and-traffic-2932_snr_-10dB,benchmarks/ambient_noise/mixkit-city-traffic-background-ambience-2930.wav;benchmarks/ambient_noise/mixkit-urban-park-and-traffic-2932.wav,-10.0,24.0,0.0642,0.0027,69,13,en,1.0,0.219,280
distil-large-v3,/Users/argussun/Documents/Therfour/third_party/audio_quality_testing_samples/testaudio/16000/test01_20s.wav,noise_combo_mixkit-city-traffic-background-ambience-2930+mixkit-very-crowded-pub-or-party-loop-360_snr_0dB,benchmarks/ambient_noise/mixkit-city-traffic-background-ambience-2930.wav;benchmarks/ambient_noise/mixkit-very-crowded-pub-or-party-loop-360.wav,0.0,24.0,0.0646,0.0027,304,63,en,1.0,0.1652,280
distil-large-v3,/Users/argussun/Documents/Therfour/third_party/audio_quality_testing_samples/testaudio/16000/test01_20s.wav,noise_combo_mixkit-city-traffic-background-ambience-2930+mixkit-very-crowded-pub-or-party-loop-360_snr_-5dB,benchmarks/ambient_noise/mixkit-city-traffic-background-ambience-2930.wav;benchmarks/ambient_noise/mixkit-very-crowded-pub-or-party-loop-360.wav,-5.0,24.0,0.0696,0.0029,260,52,en,1.0,0.0755,280
distil-large-v3,/Users/argussun/Documents/Therfour/third_party/audio_quality_testing_samples/testaudio/16000/test01_20s.wav,noise_combo_mixkit-city-traffic-background-ambience-2930+mixkit-very-crowded-pub-or-party-loop-360_snr_-10dB,benchmarks/ambient_noise/mixkit-city-traffic-background-ambience-2930.wav;benchmarks/ambient_noise/mixkit-very-crowded-pub-or-party-loop-360.wav,-10.0,24.0,0.0641,0.0027,23,5,en,1.0,0.0997,280
distil-large-v3,/Users/argussun/Documents/Therfour/third_party/audio_quality_testing_samples/testaudio/16000/test01_20s.wav,noise_combo_mixkit-people-in-fair-ambience-and-laughter-368+mixkit-restaurant-crowd-talking-ambience-444_snr_0dB,benchmarks/ambient_noise/mixkit-people-in-fair-ambience-and-laughter-368.wav;benchmarks/ambient_noise/mixkit-restaurant-crowd-talking-ambience-444.wav,0.0,24.0,0.0672,0.0028,269,49,en,1.0,0.0669,280
distil-large-v3,/Users/argussun/Documents/Therfour/third_party/audio_quality_testing_samples/testaudio/16000/test01_20s.wav,noise_combo_mixkit-people-in-fair-ambience-and-laughter-368+mixkit-restaurant-crowd-talking-ambience-444_snr_-5dB,benchmarks/ambient_noise/mixkit-people-in-fair-ambience-and-laughter-368.wav;benchmarks/ambient_noise/mixkit-restaurant-crowd-talking-ambience-444.wav,-5.0,24.0,0.0648,0.0027,221,47,en,1.0,0.024,280
distil-large-v3,/Users/argussun/Documents/Therfour/third_party/audio_quality_testing_samples/testaudio/16000/test01_20s.wav,noise_combo_mixkit-people-in-fair-ambience-and-laughter-368+mixkit-restaurant-crowd-talking-ambience-444_snr_-10dB,benchmarks/ambient_noise/mixkit-people-in-fair-ambience-and-laughter-368.wav;benchmarks/ambient_noise/mixkit-restaurant-crowd-talking-ambience-444.wav,-10.0,24.0,0.0642,0.0027,0,0,en,1.0,0.0,280
distil-large-v3,/Users/argussun/Documents/Therfour/third_party/audio_quality_testing_samples/testaudio/16000/test01_20s.wav,edge_very_low_speech,,,24.0,0.0643,0.0027,280,54,en,1.0,1.0,280
distil-large-v3,/Users/argussun/Documents/Therfour/third_party/audio_quality_testing_samples/testaudio/16000/test01_20s.wav,edge_clipped,,,24.0,0.0672,0.0028,279,54,en,1.0,0.9911,280
distil-large-v3,/Users/argussun/Documents/Therfour/third_party/audio_quality_testing_samples/testaudio/16000/test01_20s.wav,edge_leading_noise_2s,benchmarks/ambient_noise/mixkit-city-traffic-background-ambience-2930.wav,,26.0,0.0721,0.0028,279,54,en,1.0,0.9911,280
distil-large-v3,/Users/argussun/Documents/Therfour/third_party/audio_quality_testing_samples/testaudio/44100/test01_20s.wav,clean,,,24.0,0.061,0.0025,279,54,en,1.0,1.0,279
distil-large-v3,/Users/argussun/Documents/Therfour/third_party/audio_quality_testing_samples/testaudio/44100/test01_20s.wav,noise_combo_mixkit-city-traffic-background-ambience-2930_snr_0dB,benchmarks/ambient_noise/mixkit-city-traffic-background-ambience-2930.wav,0.0,24.0,0.0919,0.0038,326,65,en,1.0,0.1322,279
distil-large-v3,/Users/argussun/Documents/Therfour/third_party/audio_quality_testing_samples/testaudio/44100/test01_20s.wav,noise_combo_mixkit-city-traffic-background-ambience-2930_snr_-5dB,benchmarks/ambient_noise/mixkit-city-traffic-background-ambience-2930.wav,-5.0,24.0,0.0703,0.0029,172,34,en,1.0,0.3848,279
distil-large-v3,/Users/argussun/Documents/Therfour/third_party/audio_quality_testing_samples/testaudio/44100/test01_20s.wav,noise_combo_mixkit-city-traffic-background-ambience-2930_snr_-10dB,benchmarks/ambient_noise/mixkit-city-traffic-background-ambience-2930.wav,-10.0,24.0,0.0627,0.0026,82,14,en,1.0,0.2228,279
distil-large-v3,/Users/argussun/Documents/Therfour/third_party/audio_quality_testing_samples/testaudio/44100/test01_20s.wav,noise_combo_mixkit-people-in-fair-ambience-and-laughter-368_snr_0dB,benchmarks/ambient_noise/mixkit-people-in-fair-ambience-and-laughter-368.wav,0.0,24.0,0.0665,0.0028,290,56,en,1.0,0.0866,279
distil-large-v3,/Users/argussun/Documents/Therfour/third_party/audio_quality_testing_samples/testaudio/44100/test01_20s.wav,noise_combo_mixkit-people-in-fair-ambience-and-laughter-368_snr_-5dB,benchmarks/ambient_noise/mixkit-people-in-fair-ambience-and-laughter-368.wav,-5.0,24.0,0.0663,0.0028,197,38,en,1.0,0.4222,279
distil-large-v3,/Users/argussun/Documents/Therfour/third_party/audio_quality_testing_samples/testaudio/44100/test01_20s.wav,noise_combo_mixkit-people-in-fair-ambience-and-laughter-368_snr_-10dB,benchmarks/ambient_noise/mixkit-people-in-fair-ambience-and-laughter-368.wav,-10.0,24.0,0.0625,0.0026,10,2,en,1.0,0.0417,279
distil-large-v3,/Users/argussun/Documents/Therfour/third_party/audio_quality_testing_samples/testaudio/44100/test01_20s.wav,noise_combo_mixkit-restaurant-crowd-talking-ambience-444_snr_0dB,benchmarks/ambient_noise/mixkit-restaurant-crowd-talking-ambience-444.wav,0.0,24.0,0.0728,0.003,282,54,en,1.0,0.0873,279
distil-large-v3,/Users/argussun/Documents/Therfour/third_party/audio_quality_testing_samples/testaudio/44100/test01_20s.wav,noise_combo_mixkit-restaurant-crowd-talking-ambience-444_snr_-5dB,benchmarks/ambient_noise/mixkit-restaurant-crowd-talking-ambience-444.wav,-5.0,24.0,0.0633,0.0026,102,24,en,1.0,0.2677,279
distil-large-v3,/Users/argussun/Documents/Therfour/third_party/audio_quality_testing_samples/testaudio/44100/test01_20s.wav,noise_combo_mixkit-restaurant-crowd-talking-ambience-444_snr_-10dB,benchmarks/ambient_noise/mixkit-restaurant-crowd-talking-ambience-444.wav,-10.0,24.0,0.0616,0.0026,0,0,en,1.0,0.0,279
distil-large-v3,/Users/argussun/Documents/Therfour/third_party/audio_quality_testing_samples/testaudio/44100/test01_20s.wav,noise_combo_mixkit-road-traffic-sound-2463_snr_0dB,benchmarks/ambient_noise/mixkit-road-traffic-sound-2463.wav,0.0,24.0,0.0628,0.0026,296,55,en,1.0,0.78,279
distil-large-v3,/Users/argussun/Documents/Therfour/third_party/audio_quality_testing_samples/testaudio/44100/test01_20s.wav,noise_combo_mixkit-road-traffic-sound-2463_snr_-5dB,benchmarks/ambient_noise/mixkit-road-traffic-sound-2463.wav,-5.0,24.0,0.071,0.003,269,53,en,1.0,0.4461,279
distil-large-v3,/Users/argussun/Documents/Therfour/third_party/audio_quality_testing_samples/testaudio/44100/test01_20s.wav,noise_combo_mixkit-road-traffic-sound-2463_snr_-10dB,benchmarks/ambient_noise/mixkit-road-traffic-sound-2463.wav,-10.0,24.0,0.0647,0.0027,62,13,en,1.0,0.2433,279
distil-large-v3,/Users/argussun/Documents/Therfour/third_party/audio_quality_testing_samples/testaudio/44100/test01_20s.wav,noise_combo_mixkit-urban-park-and-traffic-2932_snr_0dB,benchmarks/ambient_noise/mixkit-urban-park-and-traffic-2932.wav,0.0,24.0,0.0684,0.0028,284,53,en,1.0,0.4364,279
distil-large-v3,/Users/argussun/Documents/Therfour/third_party/audio_quality_testing_samples/testaudio/44100/test01_20s.wav,noise_combo_mixkit-urban-park-and-traffic-2932_snr_-5dB,benchmarks/ambient_noise/mixkit-urban-park-and-traffic-2932.wav,-5.0,24.0,0.0659,0.0027,335,71,en,1.0,0.1405,279
distil-large-v3,/Users/argussun/Documents/Therfour/third_party/audio_quality_testing_samples/testaudio/44100/test01_20s.wav,noise_combo_mixkit-urban-park-and-traffic-2932_snr_-10dB,benchmarks/ambient_noise/mixkit-urban-park-and-traffic-2932.wav,-10.0,24.0,0.0623,0.0026,82,14,en,1.0,0.3111,279
distil-large-v3,/Users/argussun/Documents/Therfour/third_party/audio_quality_testing_samples/testaudio/44100/test01_20s.wav,noise_combo_mixkit-very-crowded-pub-or-party-loop-360_snr_0dB,benchmarks/ambient_noise/mixkit-very-crowded-pub-or-party-loop-360.wav,0.0,24.0,0.065,0.0027,291,60,en,1.0,0.2873,279
distil-large-v3,/Users/argussun/Documents/Therfour/third_party/audio_quality_testing_samples/testaudio/44100/test01_20s.wav,noise_combo_mixkit-very-crowded-pub-or-party-loop-360_snr_-5dB,benchmarks/ambient_noise/mixkit-very-crowded-pub-or-party-loop-360.wav,-5.0,24.0,0.0665,0.0028,311,64,en,1.0,0.079,279
distil-large-v3,/Users/argussun/Documents/Therfour/third_party/audio_quality_testing_samples/testaudio/44100/test01_20s.wav,noise_combo_mixkit-very-crowded-pub-or-party-loop-360_snr_-10dB,benchmarks/ambient_noise/mixkit-very-crowded-pub-or-party-loop-360.wav,-10.0,24.0,0.0633,0.0026,106,25,en,1.0,0.1368,279
distil-large-v3,/Users/argussun/Documents/Therfour/third_party/audio_quality_testing_samples/testaudio/44100/test01_20s.wav,noise_combo_mixkit-city-traffic-background-ambience-2930+mixkit-people-in-fair-ambience-and-laughter-368_snr_0dB,benchmarks/ambient_noise/mixkit-city-traffic-background-ambience-2930.wav;benchmarks/ambient_noise/mixkit-people-in-fair-ambience-and-laughter-368.wav,0.0,24.0,0.0685,0.0029,287,57,en,1.0,0.1018,279
distil-large-v3,/Users/argussun/Documents/Therfour/third_party/audio_quality_testing_samples/testaudio/44100/test01_20s.wav,noise_combo_mixkit-city-traffic-background-ambience-2930+mixkit-people-in-fair-ambience-and-laughter-368_snr_-5dB,benchmarks/ambient_noise/mixkit-city-traffic-background-ambience-2930.wav;benchmarks/ambient_noise/mixkit-people-in-fair-ambience-and-laughter-368.wav,-5.0,24.0,0.0689,0.0029,208,42,en,1.0,0.0248,279
distil-large-v3,/Users/argussun/Documents/Therfour/third_party/audio_quality_testing_samples/testaudio/44100/test01_20s.wav,noise_combo_mixkit-city-traffic-background-ambience-2930+mixkit-people-in-fair-ambience-and-laughter-368_snr_-10dB,benchmarks/ambient_noise/mixkit-city-traffic-background-ambience-2930.wav;benchmarks/ambient_noise/mixkit-people-in-fair-ambience-and-laughter-368.wav,-10.0,24.0,0.0657,0.0027,42,10,en,1.0,0.1187,279
distil-large-v3,/Users/argussun/Documents/Therfour/third_party/audio_quality_testing_samples/testaudio/44100/test01_20s.wav,noise_combo_mixkit-city-traffic-background-ambience-2930+mixkit-restaurant-crowd-talking-ambience-444_snr_0dB,benchmarks/ambient_noise/mixkit-city-traffic-background-ambience-2930.wav;benchmarks/ambient_noise/mixkit-restaurant-crowd-talking-ambience-444.wav,0.0,24.0,0.0685,0.0029,299,56,en,1.0,0.1068,279
distil-large-v3,/Users/argussun/Documents/Therfour/third_party/audio_quality_testing_samples/testaudio/44100/test01_20s.wav,noise_combo_mixkit-city-traffic-background-ambience-2930+mixkit-restaurant-crowd-talking-ambience-444_snr_-5dB,benchmarks/ambient_noise/mixkit-city-traffic-background-ambience-2930.wav;benchmarks/ambient_noise/mixkit-restaurant-crowd-talking-ambience-444.wav,-5.0,24.0,0.0629,0.0026,109,21,en,1.0,0.3247,279
distil-large-v3,/Users/argussun/Documents/Therfour/third_party/audio_quality_testing_samples/testaudio/44100/test01_20s.wav,noise_combo_mixkit-city-traffic-background-ambience-2930+mixkit-restaurant-crowd-talking-ambience-444_snr_-10dB,benchmarks/ambient_noise/mixkit-city-traffic-background-ambience-2930.wav;benchmarks/ambient_noise/mixkit-restaurant-crowd-talking-ambience-444.wav,-10.0,24.0,0.0639,0.0027,10,2,en,1.0,0.0417,279
distil-large-v3,/Users/argussun/Documents/Therfour/third_party/audio_quality_testing_samples/testaudio/44100/test01_20s.wav,noise_combo_mixkit-city-traffic-background-ambience-2930+mixkit-road-traffic-sound-2463_snr_0dB,benchmarks/ambient_noise/mixkit-city-traffic-background-ambience-2930.wav;benchmarks/ambient_noise/mixkit-road-traffic-sound-2463.wav,0.0,24.0,0.0693,0.0029,298,61,en,1.0,0.1702,279
distil-large-v3,/Users/argussun/Documents/Therfour/third_party/audio_quality_testing_samples/testaudio/44100/test01_20s.wav,noise_combo_mixkit-city-traffic-background-ambience-2930+mixkit-road-traffic-sound-2463_snr_-5dB,benchmarks/ambient_noise/mixkit-city-traffic-background-ambience-2930.wav;benchmarks/ambient_noise/mixkit-road-traffic-sound-2463.wav,-5.0,24.0,0.0692,0.0029,126,26,en,1.0,0.325,279
distil-large-v3,/Users/argussun/Documents/Therfour/third_party/audio_quality_testing_samples/testaudio/44100/test01_20s.wav,noise_combo_mixkit-city-traffic-background-ambience-2930+mixkit-road-traffic-sound-2463_snr_-10dB,benchmarks/ambient_noise/mixkit-city-traffic-background-ambience-2930.wav;benchmarks/ambient_noise/mixkit-road-traffic-sound-2463.wav,-10.0,24.0,0.0635,0.0026,35,7,en,1.0,0.1597,279
distil-large-v3,/Users/argussun/Documents/Therfour/third_party/audio_quality_testing_samples/testaudio/44100/test01_20s.wav,noise_combo_mixkit-city-traffic-background-ambience-2930+mixkit-urban-park-and-traffic-2932_snr_0dB,benchmarks/ambient_noise/mixkit-city-traffic-background-ambience-2930.wav;benchmarks/ambient_noise/mixkit-urban-park-and-traffic-2932.wav,0.0,24.0,0.073,0.003,297,56,en,1.0,0.1616,279
distil-large-v3,/Users/argussun/Documents/Therfour/third_party/audio_quality_testing_samples/testaudio/44100/test01_20s.wav,noise_combo_mixkit-city-traffic-background-ambience-2930+mixkit-urban-park-and-traffic-2932_snr_-5dB,benchmarks/ambient_noise/mixkit-city-traffic-background-ambience-2930.wav;benchmarks/ambient_noise/mixkit-urban-park-and-traffic-2932.wav,-5.0,24.0,0.07,0.0029,304,59,en,1.0,0.0628,279
distil-large-v3,/Users/argussun/Documents/Therfour/third_party/audio_quality_testing_samples/testaudio/44100/test01_20s.wav,noise_combo_mixkit-city-traffic-background-ambience-2930+mixkit-urban-park-and-traffic-2932_snr_-10dB,benchmarks/ambient_noise/mixkit-city-traffic-background-ambience-2930.wav;benchmarks/ambient_noise/mixkit-urban-park-and-traffic-2932.wav,-10.0,24.0,0.0703,0.0029,63,11,en,1.0,0.1888,279
distil-large-v3,/Users/argussun/Documents/Therfour/third_party/audio_quality_testing_samples/testaudio/44100/test01_20s.wav,noise_combo_mixkit-city-traffic-background-ambience-2930+mixkit-very-crowded-pub-or-party-loop-360_snr_0dB,benchmarks/ambient_noise/mixkit-city-traffic-background-ambience-2930.wav;benchmarks/ambient_noise/mixkit-very-crowded-pub-or-party-loop-360.wav,0.0,24.0,0.0724,0.003,298,62,en,1.0,0.1563,279
distil-large-v3,/Users/argussun/Documents/Therfour/third_party/audio_quality_testing_samples/testaudio/44100/test01_20s.wav,noise_combo_mixkit-city-traffic-background-ambience-2930+mixkit-very-crowded-pub-or-party-loop-360_snr_-5dB,benchmarks/ambient_noise/mixkit-city-traffic-background-ambience-2930.wav;benchmarks/ambient_noise/mixkit-very-crowded-pub-or-party-loop-360.wav,-5.0,24.0,0.0718,0.003,243,42,en,1.0,0.0777,279
distil-large-v3,/Users/argussun/Documents/Therfour/third_party/audio_quality_testing_samples/testaudio/44100/test01_20s.wav,noise_combo_mixkit-city-traffic-background-ambience-2930+mixkit-very-crowded-pub-or-party-loop-360_snr_-10dB,benchmarks/ambient_noise/mixkit-city-traffic-background-ambience-2930.wav;benchmarks/ambient_noise/mixkit-very-crowded-pub-or-party-loop-360.wav,-10.0,24.0,0.066,0.0028,23,5,en,1.0,0.0933,279
distil-large-v3,/Users/argussun/Documents/Therfour/third_party/audio_quality_testing_samples/testaudio/44100/test01_20s.wav,noise_combo_mixkit-people-in-fair-ambience-and-laughter-368+mixkit-restaurant-crowd-talking-ambience-444_snr_0dB,benchmarks/ambient_noise/mixkit-people-in-fair-ambience-and-laughter-368.wav;benchmarks/ambient_noise/mixkit-restaurant-crowd-talking-ambience-444.wav,0.0,24.0,0.072,0.003,268,51,en,1.0,0.0522,279
distil-large-v3,/Users/argussun/Documents/Therfour/third_party/audio_quality_testing_samples/testaudio/44100/test01_20s.wav,noise_combo_mixkit-people-in-fair-ambience-and-laughter-368+mixkit-restaurant-crowd-talking-ambience-444_snr_-5dB,benchmarks/ambient_noise/mixkit-people-in-fair-ambience-and-laughter-368.wav;benchmarks/ambient_noise/mixkit-restaurant-crowd-talking-ambience-444.wav,-5.0,24.0,0.0721,0.003,210,39,en,1.0,0.0499,279
distil-large-v3,/Users/argussun/Documents/Therfour/third_party/audio_quality_testing_samples/testaudio/44100/test01_20s.wav,noise_combo_mixkit-people-in-fair-ambience-and-laughter-368+mixkit-restaurant-crowd-talking-ambience-444_snr_-10dB,benchmarks/ambient_noise/mixkit-people-in-fair-ambience-and-laughter-368.wav;benchmarks/ambient_noise/mixkit-restaurant-crowd-talking-ambience-444.wav,-10.0,24.0,0.0645,0.0027,0,0,en,1.0,0.0,279
distil-large-v3,/Users/argussun/Documents/Therfour/third_party/audio_quality_testing_samples/testaudio/44100/test01_20s.wav,edge_very_low_speech,,,24.0,0.0652,0.0027,279,54,en,1.0,1.0,279
distil-large-v3,/Users/argussun/Documents/Therfour/third_party/audio_quality_testing_samples/testaudio/44100/test01_20s.wav,edge_clipped,,,24.0,0.0697,0.0029,279,54,en,1.0,1.0,279
distil-large-v3,/Users/argussun/Documents/Therfour/third_party/audio_quality_testing_samples/testaudio/44100/test01_20s.wav,edge_leading_noise_2s,benchmarks/ambient_noise/mixkit-city-traffic-background-ambience-2930.wav,,26.0,0.0781,0.003,279,54,en,1.0,1.0,279
distil-large-v3,/Users/argussun/Documents/Therfour/third_party/audio_quality_testing_samples/testaudio/48000/test01_20s.wav,clean,,,24.0,0.0622,0.0026,280,54,en,1.0,1.0,280
distil-large-v3,/Users/argussun/Documents/Therfour/third_party/audio_quality_testing_samples/testaudio/48000/test01_20s.wav,noise_combo_mixkit-city-traffic-background-ambience-2930_snr_0dB,benchmarks/ambient_noise/mixkit-city-traffic-background-ambience-2930.wav,0.0,24.0,0.0694,0.0029,316,63,en,1.0,0.1658,280
distil-large-v3,/Users/argussun/Documents/Therfour/third_party/audio_quality_testing_samples/testaudio/48000/test01_20s.wav,noise_combo_mixkit-city-traffic-background-ambience-2930_snr_-5dB,benchmarks/ambient_noise/mixkit-city-traffic-background-ambience-2930.wav,-5.0,24.0,0.0679,0.0028,223,47,en,1.0,0.0724,280
distil-large-v3,/Users/argussun/Documents/Therfour/third_party/audio_quality_testing_samples/testaudio/48000/test01_20s.wav,noise_combo_mixkit-city-traffic-background-ambience-2930_snr_-10dB,benchmarks/ambient_noise/mixkit-city-traffic-background-ambience-2930.wav,-10.0,24.0,0.0642,0.0027,87,22,en,1.0,0.1096,280
distil-large-v3,/Users/argussun/Documents/Therfour/third_party/audio_quality_testing_samples/testaudio/48000/test01_20s.wav,noise_combo_mixkit-people-in-fair-ambience-and-laughter-368_snr_0dB,benchmarks/ambient_noise/mixkit-people-in-fair-ambience-and-laughter-368.wav,0.0,24.0,0.072,0.003,276,49,en,1.0,0.0923,280
distil-large-v3,/Users/argussun/Documents/Therfour/third_party/audio_quality_testing_samples/testaudio/48000/test01_20s.wav,noise_combo_mixkit-people-in-fair-ambience-and-laughter-368_snr_-5dB,benchmarks/ambient_noise/mixkit-people-in-fair-ambience-and-laughter-368.wav,-5.0,24.0,0.0717,0.003,200,33,en,1.0,0.3383,280
distil-large-v3,/Users/argussun/Documents/Therfour/third_party/audio_quality_testing_samples/testaudio/48000/test01_20s.wav,noise_combo_mixkit-people-in-fair-ambience-and-laughter-368_snr_-10dB,benchmarks/ambient_noise/mixkit-people-in-fair-ambience-and-laughter-368.wav,-10.0,24.0,0.0729,0.003,10,2,en,1.0,0.0415,280
distil-large-v3,/Users/argussun/Documents/Therfour/third_party/audio_quality_testing_samples/testaudio/48000/test01_20s.wav,noise_combo_mixkit-restaurant-crowd-talking-ambience-444_snr_0dB,benchmarks/ambient_noise/mixkit-restaurant-crowd-talking-ambience-444.wav,0.0,24.0,0.0723,0.003,285,55,en,1.0,0.0868,280
distil-large-v3,/Users/argussun/Documents/Therfour/third_party/audio_quality_testing_samples/testaudio/48000/test01_20s.wav,noise_combo_mixkit-restaurant-crowd-talking-ambience-444_snr_-5dB,benchmarks/ambient_noise/mixkit-restaurant-crowd-talking-ambience-444.wav,-5.0,24.0,0.0706,0.0029,89,21,en,1.0,0.2656,280
distil-large-v3,/Users/argussun/Documents/Therfour/third_party/audio_quality_testing_samples/testaudio/48000/test01_20s.wav,noise_combo_mixkit-restaurant-crowd-talking-ambience-444_snr_-10dB,benchmarks/ambient_noise/mixkit-restaurant-crowd-talking-ambience-444.wav,-10.0,24.0,0.0672,0.0028,0,0,en,1.0,0.0,280
distil-large-v3,/Users/argussun/Documents/Therfour/third_party/audio_quality_testing_samples/testaudio/48000/test01_20s.wav,noise_combo_mixkit-road-traffic-sound-2463_snr_0dB,benchmarks/ambient_noise/mixkit-road-traffic-sound-2463.wav,0.0,24.0,0.0641,0.0027,296,55,en,1.0,0.7893,280
distil-large-v3,/Users/argussun/Documents/Therfour/third_party/audio_quality_testing_samples/testaudio/48000/test01_20s.wav,noise_combo_mixkit-road-traffic-sound-2463_snr_-5dB,benchmarks/ambient_noise/mixkit-road-traffic-sound-2463.wav,-5.0,24.0,0.0681,0.0028,271,54,en,1.0,0.4444,280
distil-large-v3,/Users/argussun/Documents/Therfour/third_party/audio_quality_testing_samples/testaudio/48000/test01_20s.wav,noise_combo_mixkit-road-traffic-sound-2463_snr_-10dB,benchmarks/ambient_noise/mixkit-road-traffic-sound-2463.wav,-10.0,24.0,0.0662,0.0028,78,17,en,1.0,0.2606,280
distil-large-v3,/Users/argussun/Documents/Therfour/third_party/audio_quality_testing_samples/testaudio/48000/test01_20s.wav,noise_combo_mixkit-urban-park-and-traffic-2932_snr_0dB,benchmarks/ambient_noise/mixkit-urban-park-and-traffic-2932.wav,0.0,24.0,0.0748,0.0031,285,53,en,1.0,0.4493,280
distil-large-v3,/Users/argussun/Documents/Therfour/third_party/audio_quality_testing_samples/testaudio/48000/test01_20s.wav,noise_combo_mixkit-urban-park-and-traffic-2932_snr_-5dB,benchmarks/ambient_noise/mixkit-urban-park-and-traffic-2932.wav,-5.0,24.0,0.0717,0.003,322,67,en,1.0,0.1229,280
distil-large-v3,/Users/argussun/Documents/Therfour/third_party/audio_quality_testing_samples/testaudio/48000/test01_20s.wav,noise_combo_mixkit-urban-park-and-traffic-2932_snr_-10dB,benchmarks/ambient_noise/mixkit-urban-park-and-traffic-2932.wav,-10.0,24.0,0.0697,0.0029,105,18,en,1.0,0.2895,280
distil-large-v3,/Users/argussun/Documents/Therfour/third_party/audio_quality_testing_samples/testaudio/48000/test01_20s.wav,noise_combo_mixkit-very-crowded-pub-or-party-loop-360_snr_0dB,benchmarks/ambient_noise/mixkit-very-crowded-pub-or-party-loop-360.wav,0.0,24.0,0.0691,0.0029,292,60,en,1.0,0.2867,280
distil-large-v3,/Users/argussun/Documents/Therfour/third_party/audio_quality_testing_samples/testaudio/48000/test01_20s.wav,noise_combo_mixkit-very-crowded-pub-or-party-loop-360_snr_-5dB,benchmarks/ambient_noise/mixkit-very-crowded-pub-or-party-loop-360.wav,-5.0,24.0,0.0707,0.0029,304,64,en,1.0,0.066,280
distil-large-v3,/Users/argussun/Documents/Therfour/third_party/audio_quality_testing_samples/testaudio/48000/test01_20s.wav,noise_combo_mixkit-very-crowded-pub-or-party-loop-360_snr_-10dB,benchmarks/ambient_noise/mixkit-very-crowded-pub-or-party-loop-360.wav,-10.0,24.0,0.0699,0.0029,113,27,en,1.0,0.1337,280
distil-large-v3,/Users/argussun/Documents/Therfour/third_party/audio_quality_testing_samples/testaudio/48000/test01_20s.wav,noise_combo_mixkit-city-traffic-background-ambience-2930+mixkit-people-in-fair-ambience-and-laughter-368_snr_0dB,benchmarks/ambient_noise/mixkit-city-traffic-background-ambience-2930.wav;benchmarks/ambient_noise/mixkit-people-in-fair-ambience-and-laughter-368.wav,0.0,24.0,0.073,0.003,292,58,en,1.0,0.1077,280
distil-large-v3,/Users/argussun/Documents/Therfour/third_party/audio_quality_testing_samples/testaudio/48000/test01_20s.wav,noise_combo_mixkit-city-traffic-background-ambience-2930+mixkit-people-in-fair-ambience-and-laughter-368_snr_-5dB,benchmarks/ambient_noise/mixkit-city-traffic-background-ambience-2930.wav;benchmarks/ambient_noise/mixkit-people-in-fair-ambience-and-laughter-368.wav,-5.0,24.0,0.0724,0.003,255,54,en,1.0,0.0152,280
distil-large-v3,/Users/argussun/Documents/Therfour/third_party/audio_quality_testing_samples/testaudio/48000/test01_20s.wav,noise_combo_mixkit-city-traffic-background-ambience-2930+mixkit-people-in-fair-ambience-and-laughter-368_snr_-10dB,benchmarks/ambient_noise/mixkit-city-traffic-background-ambience-2930.wav;benchmarks/ambient_noise/mixkit-people-in-fair-ambience-and-laughter-368.wav,-10.0,24.0,0.0699,0.0029,39,8,en,1.0,0.1447,280
distil-large-v3,/Users/argussun/Documents/Therfour/third_party/audio_quality_testing_samples/testaudio/48000/test01_20s.wav,noise_combo_mixkit-city-traffic-background-ambience-2930+mixkit-restaurant-crowd-talking-ambience-444_snr_0dB,benchmarks/ambient_noise/mixkit-city-traffic-background-ambience-2930.wav;benchmarks/ambient_noise/mixkit-restaurant-crowd-talking-ambience-444.wav,0.0,24.0,0.0723,0.003,303,57,en,1.0,0.1058,280
distil-large-v3,/Users/argussun/Documents/Therfour/third_party/audio_quality_testing_samples/testaudio/48000/test01_20s.wav,noise_combo_mixkit-city-traffic-background-ambience-2930+mixkit-restaurant-crowd-talking-ambience-444_snr_-5dB,benchmarks/ambient_noise/mixkit-city-traffic-background-ambience-2930.wav;benchmarks/ambient_noise/mixkit-restaurant-crowd-talking-ambience-444.wav,-5.0,24.0,0.0719,0.003,120,23,en,1.0,0.2684,280
distil-large-v3,/Users/argussun/Documents/Therfour/third_party/audio_quality_testing_samples/testaudio/48000/test01_20s.wav,noise_combo_mixkit-city-traffic-background-ambience-2930+mixkit-restaurant-crowd-talking-ambience-444_snr_-10dB,benchmarks/ambient_noise/mixkit-city-traffic-background-ambience-2930.wav;benchmarks/ambient_noise/mixkit-restaurant-crowd-talking-ambience-444.wav,-10.0,24.0,0.0664,0.0028,10,2,en,1.0,0.0415,280
distil-large-v3,/Users/argussun/Documents/Therfour/third_party/audio_quality_testing_samples/testaudio/48000/test01_20s.wav,noise_combo_mixkit-city-traffic-background-ambience-2930+mixkit-road-traffic-sound-2463_snr_0dB,benchmarks/ambient_noise/mixkit-city-traffic-background-ambience-2930.wav;benchmarks/ambient_noise/mixkit-road-traffic-sound-2463.wav,0.0,24.0,0.0718,0.003,299,61,en,1.0,0.1519,280
distil-large-v3,/Users/argussun/Documents/Therfour/third_party/audio_quality_testing_samples/testaudio/48000/test01_20s.wav,noise_combo_mixkit-city-traffic-background-ambience-2930+mixkit-road-traffic-sound-2463_snr_-5dB,benchmarks/ambient_noise/mixkit-city-traffic-background-ambience-2930.wav;benchmarks/ambient_noise/mixkit-road-traffic-sound-2463.wav,-5.0,24.0,0.07,0.0029,149,31,en,1.0,0.3593,280
distil-large-v3,/Users/argussun/Documents/Therfour/third_party/audio_quality_testing_samples/testaudio/48000/test01_20s.wav,noise_combo_mixkit-city-traffic-background-ambience-2930+mixkit-road-traffic-sound-2463_snr_-10dB,benchmarks/ambient_noise/mixkit-city-traffic-background-ambience-2930.wav;benchmarks/ambient_noise/mixkit-road-traffic-sound-2463.wav,-10.0,24.0,0.0671,0.0028,34,7,en,1.0,0.1346,280
distil-large-v3,/Users/argussun/Documents/Therfour/third_party/audio_quality_testing_samples/testaudio/48000/test01_20s.wav,noise_combo_mixkit-city-traffic-background-ambience-2930+mixkit-urban-park-and-traffic-2932_snr_0dB,benchmarks/ambient_noise/mixkit-city-traffic-background-ambience-2930.wav;benchmarks/ambient_noise/mixkit-urban-park-and-traffic-2932.wav,0.0,24.0,0.0704,0.0029,290,55,en,1.0,0.1706,280
distil-large-v3,/Users/argussun/Documents/Therfour/third_party/audio_quality_testing_samples/testaudio/48000/test01_20s.wav,noise_combo_mixkit-city-traffic-background-ambience-2930+mixkit-urban-park-and-traffic-2932_snr_-5dB,benchmarks/ambient_noise/mixkit-city-traffic-background-ambience-2930.wav;benchmarks/ambient_noise/mixkit-urban-park-and-traffic-2932.wav,-5.0,24.0,0.072,0.003,282,54,en,1.0,0.0682,280
distil-large-v3,/Users/argussun/Documents/Therfour/third_party/audio_quality_testing_samples/testaudio/48000/test01_20s.wav,noise_combo_mixkit-city-traffic-background-ambience-2930+mixkit-urban-park-and-traffic-2932_snr_-10dB,benchmarks/ambient_noise/mixkit-city-traffic-background-ambience-2930.wav;benchmarks/ambient_noise/mixkit-urban-park-and-traffic-2932.wav,-10.0,24.0,0.0679,0.0028,63,11,en,1.0,0.2353,280
distil-large-v3,/Users/argussun/Documents/Therfour/third_party/audio_quality_testing_samples/testaudio/48000/test01_20s.wav,noise_combo_mixkit-city-traffic-background-ambience-2930+mixkit-very-crowded-pub-or-party-loop-360_snr_0dB,benchmarks/ambient_noise/mixkit-city-traffic-background-ambience-2930.wav;benchmarks/ambient_noise/mixkit-very-crowded-pub-or-party-loop-360.wav,0.0,24.0,0.0749,0.0031,303,63,en,1.0,0.1655,280
distil-large-v3,/Users/argussun/Documents/Therfour/third_party/audio_quality_testing_samples/testaudio/48000/test01_20s.wav,noise_combo_mixkit-city-traffic-background-ambience-2930+mixkit-very-crowded-pub-or-party-loop-360_snr_-5dB,benchmarks/ambient_noise/mixkit-city-traffic-background-ambience-2930.wav;benchmarks/ambient_noise/mixkit-very-crowded-pub-or-party-loop-360.wav,-5.0,24.0,0.0724,0.003,221,47,en,1.0,0.0732,280
distil-large-v3,/Users/argussun/Documents/Therfour/third_party/audio_quality_testing_samples/testaudio/48000/test01_20s.wav,noise_combo_mixkit-city-traffic-background-ambience-2930+mixkit-very-crowded-pub-or-party-loop-360_snr_-10dB,benchmarks/ambient_noise/mixkit-city-traffic-background-ambience-2930.wav;benchmarks/ambient_noise/mixkit-very-crowded-pub-or-party-loop-360.wav,-10.0,24.0,0.0686,0.0029,23,5,en,1.0,0.0997,280
distil-large-v3,/Users/argussun/Documents/Therfour/third_party/audio_quality_testing_samples/testaudio/48000/test01_20s.wav,noise_combo_mixkit-people-in-fair-ambience-and-laughter-368+mixkit-restaurant-crowd-talking-ambience-444_snr_0dB,benchmarks/ambient_noise/mixkit-people-in-fair-ambience-and-laughter-368.wav;benchmarks/ambient_noise/mixkit-restaurant-crowd-talking-ambience-444.wav,0.0,24.0,0.0715,0.003,283,52,en,1.0,0.0543,280
distil-large-v3,/Users/argussun/Documents/Therfour/third_party/audio_quality_testing_samples/testaudio/48000/test01_20s.wav,noise_combo_mixkit-people-in-fair-ambience-and-laughter-368+mixkit-restaurant-crowd-talking-ambience-444_snr_-5dB,benchmarks/ambient_noise/mixkit-people-in-fair-ambience-and-laughter-368.wav;benchmarks/ambient_noise/mixkit-restaurant-crowd-talking-ambience-444.wav,-5.0,24.0,0.0721,0.003,152,31,en,1.0,0.3016,280
distil-large-v3,/Users/argussun/Documents/Therfour/third_party/audio_quality_testing_samples/testaudio/48000/test01_20s.wav,noise_combo_mixkit-people-in-fair-ambience-and-laughter-368+mixkit-restaurant-crowd-talking-ambience-444_snr_-10dB,benchmarks/ambient_noise/mixkit-people-in-fair-ambience-and-laughter-368.wav;benchmarks/ambient_noise/mixkit-restaurant-crowd-talking-ambience-444.wav,-10.0,24.0,0.0685,0.0029,0,0,en,1.0,0.0,280
distil-large-v3,/Users/argussun/Documents/Therfour/third_party/audio_quality_testing_samples/testaudio/48000/test01_20s.wav,edge_very_low_speech,,,24.0,0.0649,0.0027,279,54,en,1.0,0.9911,280
distil-large-v3,/Users/argussun/Documents/Therfour/third_party/audio_quality_testing_samples/testaudio/48000/test01_20s.wav,edge_clipped,,,24.0,0.0727,0.003,279,54,en,1.0,0.9911,280
distil-large-v3,/Users/argussun/Documents/Therfour/third_party/audio_quality_testing_samples/testaudio/48000/test01_20s.wav,edge_leading_noise_2s,benchmarks/ambient_noise/mixkit-city-traffic-background-ambience-2930.wav,,26.0,0.1016,0.0039,279,54,en,1.0,0.9911,280
distil-large-v3,/Users/argussun/Documents/Therfour/third_party/audio_quality_testing_samples/testaudio/8000/test01_20s.wav,clean,,,24.0,0.0647,0.0027,280,54,en,1.0,1.0,280
distil-large-v3,/Users/argussun/Documents/Therfour/third_party/audio_quality_testing_samples/testaudio/8000/test01_20s.wav,noise_combo_mixkit-city-traffic-background-ambience-2930_snr_0dB,benchmarks/ambient_noise/mixkit-city-traffic-background-ambience-2930.wav,0.0,24.0,0.0742,0.0031,333,67,en,1.0,0.1202,280
distil-large-v3,/Users/argussun/Documents/Therfour/third_party/audio_quality_testing_samples/testaudio/8000/test01_20s.wav,noise_combo_mixkit-city-traffic-background-ambience-2930_snr_-5dB,benchmarks/ambient_noise/mixkit-city-traffic-background-ambience-2930.wav,-5.0,24.0,0.0718,0.003,115,18,en,1.0,0.3061,280
distil-large-v3,/Users/argussun/Documents/Therfour/third_party/audio_quality_testing_samples/testaudio/8000/test01_20s.wav,noise_combo_mixkit-city-traffic-background-ambience-2930_snr_-10dB,benchmarks/ambient_noise/mixkit-city-traffic-background-ambience-2930.wav,-10.0,24.0,0.0695,0.0029,56,12,en,1.0,0.1429,280
distil-large-v3,/Users/argussun/Documents/Therfour/third_party/audio_quality_testing_samples/testaudio/8000/test01_20s.wav,noise_combo_mixkit-people-in-fair-ambience-and-laughter-368_snr_0dB,benchmarks/ambient_noise/mixkit-people-in-fair-ambience-and-laughter-368.wav,0.0,24.0,0.0751,0.0031,281,52,en,1.0,0.1348,280
distil-large-v3,/Users/argussun/Documents/Therfour/third_party/audio_quality_testing_samples/testaudio/8000/test01_20s.wav,noise_combo_mixkit-people-in-fair-ambience-and-laughter-368_snr_-5dB,benchmarks/ambient_noise/mixkit-people-in-fair-ambience-and-laughter-368.wav,-5.0,24.0,0.0737,0.0031,199,36,en,1.0,0.2246,280
distil-large-v3,/Users/argussun/Documents/Therfour/third_party/audio_quality_testing_samples/testaudio/8000/test01_20s.wav,noise_combo_mixkit-people-in-fair-ambience-and-laughter-368_snr_-10dB,benchmarks/ambient_noise/mixkit-people-in-fair-ambience-and-laughter-368.wav,-10.0,24.0,0.0672,0.0028,10,2,en,1.0,0.0415,280
distil-large-v3,/Users/argussun/Documents/Therfour/third_party/audio_quality_testing_samples/testaudio/8000/test01_20s.wav,noise_combo_mixkit-restaurant-crowd-talking-ambience-444_snr_0dB,benchmarks/ambient_noise/mixkit-restaurant-crowd-talking-ambience-444.wav,0.0,24.0,0.0733,0.0031,291,56,en,1.0,0.1434,280
distil-large-v3,/Users/argussun/Documents/Therfour/third_party/audio_quality_testing_samples/testaudio/8000/test01_20s.wav,noise_combo_mixkit-restaurant-crowd-talking-ambience-444_snr_-5dB,benchmarks/ambient_noise/mixkit-restaurant-crowd-talking-ambience-444.wav,-5.0,24.0,0.0746,0.0031,27,7,en,1.0,0.1238,280
distil-large-v3,/Users/argussun/Documents/Therfour/third_party/audio_quality_testing_samples/testaudio/8000/test01_20s.wav,noise_combo_mixkit-restaurant-crowd-talking-ambience-444_snr_-10dB,benchmarks/ambient_noise/mixkit-restaurant-crowd-talking-ambience-444.wav,-10.0,24.0,0.0666,0.0028,0,0,en,1.0,0.0,280
distil-large-v3,/Users/argussun/Documents/Therfour/third_party/audio_quality_testing_samples/testaudio/8000/test01_20s.wav,noise_combo_mixkit-road-traffic-sound-2463_snr_0dB,benchmarks/ambient_noise/mixkit-road-traffic-sound-2463.wav,0.0,24.0,0.0656,0.0027,295,55,en,1.0,0.7893,280
distil-large-v3,/Users/argussun/Documents/Therfour/third_party/audio_quality_testing_samples/testaudio/8000/test01_20s.wav,noise_combo_mixkit-road-traffic-sound-2463_snr_-5dB,benchmarks/ambient_noise/mixkit-road-traffic-sound-2463.wav,-5.0,24.0,0.0725,0.003,258,52,en,1.0,0.4423,280
distil-large-v3,/Users/argussun/Documents/Therfour/third_party/audio_quality_testing_samples/testaudio/8000/test01_20s.wav,noise_combo_mixkit-road-traffic-sound-2463_snr_-10dB,benchmarks/ambient_noise/mixkit-road-traffic-sound-2463.wav,-10.0,24.0,0.0709,0.003,102,19,en,1.0,0.3307,280
distil-large-v3,/Users/argussun/Documents/Therfour/third_party/audio_quality_testing_samples/testaudio/8000/test01_20s.wav,noise_combo_mixkit-urban-park-and-traffic-2932_snr_0dB,benchmarks/ambient_noise/mixkit-urban-park-and-traffic-2932.wav,0.0,24.0,0.073,0.003,287,52,en,1.0,0.6257,280
distil-large-v3,/Users/argussun/Documents/Therfour/third_party/audio_quality_testing_samples/testaudio/8000/test01_20s.wav,noise_combo_mixkit-urban-park-and-traffic-2932_snr_-5dB,benchmarks/ambient_noise/mixkit-urban-park-and-traffic-2932.wav,-5.0,24.0,0.0702,0.0029,297,62,en,1.0,0.1631,280
distil-large-v3,/Users/argussun/Documents/Therfour/third_party/audio_quality_testing_samples/testaudio/8000/test01_20s.wav,noise_combo_mixkit-urban-park-and-traffic-2932_snr_-10dB,benchmarks/ambient_noise/mixkit-urban-park-and-traffic-2932.wav,-10.0,24.0,0.0702,0.0029,92,16,en,1.0,0.2356,280
distil-large-v3,/Users/argussun/Documents/Therfour/third_party/audio_quality_testing_samples/testaudio/8000/test01_20s.wav,noise_combo_mixkit-very-crowded-pub-or-party-loop-360_snr_0dB,benchmarks/ambient_noise/mixkit-very-crowded-pub-or-party-loop-360.wav,0.0,24.0,0.0726,0.003,295,59,en,1.0,0.2036,280
distil-large-v3,/Users/argussun/Documents/Therfour/third_party/audio_quality_testing_samples/testaudio/8000/test01_20s.wav,noise_combo_mixkit-very-crowded-pub-or-party-loop-360_snr_-5dB,benchmarks/ambient_noise/mixkit-very-crowded-pub-or-party-loop-360.wav,-5.0,24.0,0.0701,0.0029,305,67,en,1.0,0.0657,280
distil-large-v3,/Users/argussun/Documents/Therfour/third_party/audio_quality_testing_samples/testaudio/8000/test01_20s.wav,noise_combo_mixkit-very-crowded-pub-or-party-loop-360_snr_-10dB,benchmarks/ambient_noise/mixkit-very-crowded-pub-or-party-loop-360.wav,-10.0,24.0,0.0836,0.0035,35,6,en,1.0,0.0958,280
distil-large-v3,/Users/argussun/Documents/Therfour/third_party/audio_quality_testing_samples/testaudio/8000/test01_20s.wav,noise_combo_mixkit-city-traffic-background-ambience-2930+mixkit-people-in-fair-ambience-and-laughter-368_snr_0dB,benchmarks/ambient_noise/mixkit-city-traffic-background-ambience-2930.wav;benchmarks/ambient_noise/mixkit-people-in-fair-ambience-and-laughter-368.wav,0.0,24.0,0.0732,0.0031,266,55,en,1.0,0.0753,280
distil-large-v3,/Users/argussun/Documents/Therfour/third_party/audio_quality_testing_samples/testaudio/8000/test01_20s.wav,noise_combo_mixkit-city-traffic-background-ambience-2930+mixkit-people-in-fair-ambience-and-laughter-368_snr_-5dB,benchmarks/ambient_noise/mixkit-city-traffic-background-ambience-2930.wav;benchmarks/ambient_noise/mixkit-people-in-fair-ambience-and-laughter-368.wav,-5.0,24.0,0.0726,0.003,102,13,en,1.0,0.2394,280
distil-large-v3,/Users/argussun/Documents/Therfour/third_party/audio_quality_testing_samples/testaudio/8000/test01_20s.wav,noise_combo_mixkit-city-traffic-background-ambience-2930+mixkit-people-in-fair-ambience-and-laughter-368_snr_-10dB,benchmarks/ambient_noise/mixkit-city-traffic-background-ambience-2930.wav;benchmarks/ambient_noise/mixkit-people-in-fair-ambience-and-laughter-368.wav,-10.0,24.0,0.0679,0.0028,33,7,en,1.0,0.1282,280
distil-large-v3,/Users/argussun/Documents/Therfour/third_party/audio_quality_testing_samples/testaudio/8000/test01_20s.wav,noise_combo_mixkit-city-traffic-background-ambience-2930+mixkit-restaurant-crowd-talking-ambience-444_snr_0dB,benchmarks/ambient_noise/mixkit-city-traffic-background-ambience-2930.wav;benchmarks/ambient_noise/mixkit-restaurant-crowd-talking-ambience-444.wav,0.0,24.0,0.0722,0.003,306,59,en,1.0,0.0911,280
distil-large-v3,/Users/argussun/Documents/Therfour/third_party/audio_quality_testing_samples/testaudio/8000/test01_20s.wav,noise_combo_mixkit-city-traffic-background-ambience-2930+mixkit-restaurant-crowd-talking-ambience-444_snr_-5dB,benchmarks/ambient_noise/mixkit-city-traffic-background-ambience-2930.wav;benchmarks/ambient_noise/mixkit-restaurant-crowd-talking-ambience-444.wav,-5.0,24.0,0.0693,0.0029,116,21,en,1.0,0.3511,280
distil-large-v3,/Users/argussun/Documents/Therfour/third_party/audio_quality_testing_samples/testaudio/8000/test01_20s.wav,noise_combo_mixkit-city-traffic-background-ambience-2930+mixkit-restaurant-crowd-talking-ambience-444_snr_-10dB,benchmarks/ambient_noise/mixkit-city-traffic-background-ambience-2930.wav;benchmarks/ambient_noise/mixkit-restaurant-crowd-talking-ambience-444.wav,-10.0,24.0,0.0656,0.0027,10,2,en,1.0,0.0415,280
distil-large-v3,/Users/argussun/Documents/Therfour/third_party/audio_quality_testing_samples/testaudio/8000/test01_20s.wav,noise_combo_mixkit-city-traffic-background-ambience-2930+mixkit-road-traffic-sound-2463_snr_0dB,benchmarks/ambient_noise/mixkit-city-traffic-background-ambience-2930.wav;benchmarks/ambient_noise/mixkit-road-traffic-sound-2463.wav,0.0,24.0,0.0737,0.0031,294,60,en,1.0,0.4563,280
distil-large-v3,/Users/argussun/Documents/Therfour/third_party/audio_quality_testing_samples/testaudio/8000/test01_20s.wav,noise_combo_mixkit-city-traffic-background-ambience-2930+mixkit-road-traffic-sound-2463_snr_-5dB,benchmarks/ambient_noise/mixkit-city-traffic-background-ambience-2930.wav;benchmarks/ambient_noise/mixkit-road-traffic-sound-2463.wav,-5.0,24.0,0.0725,0.003,109,21,en,1.0,0.2805,280
distil-large-v3,/Users/argussun/Documents/Therfour/third_party/audio_quality_testing_samples/testaudio/8000/test01_20s.wav,noise_combo_mixkit-city-traffic-background-ambience-2930+mixkit-road-traffic-sound-2463_snr_-10dB,benchmarks/ambient_noise/mixkit-city-traffic-background-ambience-2930.wav;benchmarks/ambient_noise/mixkit-road-traffic-sound-2463.wav,-10.0,24.0,0.0664,0.0028,30,6,en,1.0,0.0909,280
distil-large-v3,/Users/argussun/Documents/Therfour/third_party/audio_quality_testing_samples/testaudio/8000/test01_20s.wav,noise_combo_mixkit-city-traffic-background-ambience-2930+mixkit-urban-park-and-traffic-2932_snr_0dB,benchmarks/ambient_noise/mixkit-city-traffic-background-ambience-2930.wav;benchmarks/ambient_noise/mixkit-urban-park-and-traffic-2932.wav,0.0,24.0,0.0712,0.003,291,57,en,1.0,0.0898,280
distil-large-v3,/Users/argussun/Documents/Therfour/third_party/audio_quality_testing_samples/testaudio/8000/test01_20s.wav,noise_combo_mixkit-city-traffic-background-ambience-2930+mixkit-urban-park-and-traffic-2932_snr_-5dB,benchmarks/ambient_noise/mixkit-city-traffic-background-ambience-2930.wav;benchmarks/ambient_noise/mixkit-urban-park-and-traffic-2932.wav,-5.0,24.0,0.0729,0.003,313,63,en,1.0,0.0753,280
distil-large-v3,/Users/argussun/Documents/Therfour/third_party/audio_quality_testing_samples/testaudio/8000/test01_20s.wav,noise_combo_mixkit-city-traffic-background-ambience-2930+mixkit-urban-park-and-traffic-2932_snr_-10dB,benchmarks/ambient_noise/mixkit-city-traffic-background-ambience-2930.wav;benchmarks/ambient_noise/mixkit-urban-park-and-traffic-2932.wav,-10.0,24.0,0.0697,0.0029,66,12,en,1.0,0.1813,280
distil-large-v3,/Users/argussun/Documents/Therfour/third_party/audio_quality_testing_samples/testaudio/8000/test01_20s.wav,noise_combo_mixkit-city-traffic-background-ambience-2930+mixkit-very-crowded-pub-or-party-loop-360_snr_0dB,benchmarks/ambient_noise/mixkit-city-traffic-background-ambience-2930.wav;benchmarks/ambient_noise/mixkit-very-crowded-pub-or-party-loop-360.wav,0.0,24.0,0.0712,0.003,301,63,en,1.0,0.1587,280
distil-large-v3,/Users/argussun/Documents/Therfour/third_party/audio_quality_testing_samples/testaudio/8000/test01_20s.wav,noise_combo_mixkit-city-traffic-background-ambience-2930+mixkit-very-crowded-pub-or-party-loop-360_snr_-5dB,benchmarks/ambient_noise/mixkit-city-traffic-background-ambience-2930.wav;benchmarks/ambient_noise/mixkit-very-crowded-pub-or-party-loop-360.wav,-5.0,24.0,0.0737,0.0031,125,19,en,1.0,0.4328,280
distil-large-v3,/Users/argussun/Documents/Therfour/third_party/audio_quality_testing_samples/testaudio/8000/test01_20s.wav,noise_combo_mixkit-city-traffic-background-ambience-2930+mixkit-very-crowded-pub-or-party-loop-360_snr_-10dB,benchmarks/ambient_noise/mixkit-city-traffic-background-ambience-2930.wav;benchmarks/ambient_noise/mixkit-very-crowded-pub-or-party-loop-360.wav,-10.0,24.0,0.0671,0.0028,19,4,en,1.0,0.0404,280
distil-large-v3,/Users/argussun/Documents/Therfour/third_party/audio_quality_testing_samples/testaudio/8000/test01_20s.wav,noise_combo_mixkit-people-in-fair-ambience-and-laughter-368+mixkit-restaurant-crowd-talking-ambience-444_snr_0dB,benchmarks/ambient_noise/mixkit-people-in-fair-ambience-and-laughter-368.wav;benchmarks/ambient_noise/mixkit-restaurant-crowd-talking-ambience-444.wav,0.0,24.0,0.0712,0.003,281,48,en,1.0,0.0726,280
distil-large-v3,/Users/argussun/Documents/Therfour/third_party/audio_quality_testing_samples/testaudio/8000/test01_20s.wav,noise_combo_mixkit-people-in-fair-ambience-and-laughter-368+mixkit-restaurant-crowd-talking-ambience-444_snr_-5dB,benchmarks/ambient_noise/mixkit-people-in-fair-ambience-and-laughter-368.wav;benchmarks/ambient_noise/mixkit-restaurant-crowd-talking-ambience-444.wav,-5.0,24.0,0.0701,0.0029,195,31,en,1.0,0.2882,280
distil-large-v3,/Users/argussun/Documents/Therfour/third_party/audio_quality_testing_samples/testaudio/8000/test01_20s.wav,noise_combo_mixkit-people-in-fair-ambience-and-laughter-368+mixkit-restaurant-crowd-talking-ambience-444_snr_-10dB,benchmarks/ambient_noise/mixkit-people-in-fair-ambience-and-laughter-368.wav;benchmarks/ambient_noise/mixkit-restaurant-crowd-talking-ambience-444.wav,-10.0,24.0,0.0702,0.0029,0,0,en,1.0,0.0,280
distil-large-v3,/Users/argussun/Documents/Therfour/third_party/audio_quality_testing_samples/testaudio/8000/test01_20s.wav,edge_very_low_speech,,,24.0,0.0684,0.0028,279,54,en,1.0,0.9911,280
distil-large-v3,/Users/argussun/Documents/Therfour/third_party/audio_quality_testing_samples/testaudio/8000/test01_20s.wav,edge_clipped,,,24.0,0.0741,0.0031,291,54,en,1.0,0.9982,280
distil-large-v3,/Users/argussun/Documents/Therfour/third_party/audio_quality_testing_samples/testaudio/8000/test01_20s.wav,edge_leading_noise_2s,benchmarks/ambient_noise/mixkit-city-traffic-background-ambience-2930.wav,,26.0,0.0768,0.003,279,54,en,1.0,0.9911,280
